Record Length,2.500000e+03,,   0.010376000000,  -0.00040,
Sample Interval,4.000000e-07,,   0.010376400000,  -0.00080,
Trigger Point,-2.594000000000e+04,,   0.010376800000,   0.00040,
,,,   0.010377200000,   0.00040,
,,,   0.010377600000,   0.00040,
,,,   0.010378000000,   0.00060,
Source,CH1,,   0.010378400000,  -0.00020,
Vertical Units,V,,   0.010378800000,   0.00020,
Vertical Scale,5.000000e-03,,   0.010379200000,  -0.00040,
Vertical Offset,-1.840000e-02,,   0.010379600000,   0.00060,
Horizontal Units,s,,   0.010380000000,   0.00040,
Horizontal Scale,1.000000e-04,,   0.010380400000,   0.00020,
Pt Fmt,Y,,   0.010380800000,   0.00080,
Yzero,0.000000e+00,,   0.010381200000,  -0.00020,
Probe Atten,1.000000e+00,,   0.010381600000,   0.00060,
Firmware Version,FV:v6.08,,   0.010382000000,   0.00040,
,,,0.010382400000,   0.00080,
,,,0.010382800000,   0.00100,
,,,0.010383200000,   0.00000,
,,,0.010383600000,   0.00100,
,,,0.010384000000,   0.00040,
,,,0.010384400000,   0.00000,
,,,0.010384800000,   0.00020,
,,,0.010385200000,   0.00040,
,,,0.010385600000,   0.00060,
,,,0.010386000000,   0.00120,
,,,0.010386400000,   0.00020,
,,,0.010386800000,   0.00080,
,,,0.010387200000,   0.00020,
,,,0.010387600000,   0.00040,
,,,0.010388000000,   0.00060,
,,,0.010388400000,   0.00020,
,,,0.010388800000,   0.00040,
,,,0.010389200000,   0.00020,
,,,0.010389600000,   0.00060,
,,,0.010390000000,   0.00000,
,,,0.010390400000,   0.00120,
,,,0.010390800000,   0.00060,
,,,0.010391200000,   0.00060,
,,,0.010391600000,   0.00020,
,,,0.010392000000,   0.00080,
,,,0.010392400000,   0.00120,
,,,0.010392800000,   0.00020,
,,,0.010393200000,   0.00060,
,,,0.010393600000,   0.00080,
,,,0.010394000000,   0.00000,
,,,0.010394400000,   0.00080,
,,,0.010394800000,   0.00040,
,,,0.010395200000,   0.00060,
,,,0.010395600000,   0.00080,
,,,0.010396000000,   0.00120,
,,,0.010396400000,   0.00040,
,,,0.010396800000,   0.00040,
,,,0.010397200000,   0.00080,
,,,0.010397600000,   0.00100,
,,,0.010398000000,   0.00120,
,,,0.010398400000,   0.00120,
,,,0.010398800000,   0.00100,
,,,0.010399200000,   0.00020,
,,,0.010399600000,   0.00100,
,,,0.010400000000,   0.00000,
,,,0.010400400000,   0.00060,
,,,0.010400800000,   0.00060,
,,,0.010401200000,  -0.00020,
,,,0.010401600000,   0.00040,
,,,0.010402000000,   0.00060,
,,,0.010402400000,   0.00000,
,,,0.010402800000,   0.00040,
,,,0.010403200000,  -0.00020,
,,,0.010403600000,   0.00060,
,,,0.010404000000,   0.00100,
,,,0.010404400000,   0.00060,
,,,0.010404800000,   0.00040,
,,,0.010405200000,   0.00140,
,,,0.010405600000,   0.00040,
,,,0.010406000000,   0.00060,
,,,0.010406400000,   0.00060,
,,,0.010406800000,   0.00100,
,,,0.010407200000,   0.00100,
,,,0.010407600000,   0.00060,
,,,0.010408000000,   0.00080,
,,,0.010408400000,   0.00100,
,,,0.010408800000,   0.00020,
,,,0.010409200000,   0.00080,
,,,0.010409600000,   0.00080,
,,,0.010410000000,   0.00080,
,,,0.010410400000,   0.00080,
,,,0.010410800000,   0.00100,
,,,0.010411200000,   0.00080,
,,,0.010411600000,   0.00100,
,,,0.010412000000,   0.00100,
,,,0.010412400000,   0.00040,
,,,0.010412800000,   0.00140,
,,,0.010413200000,   0.00080,
,,,0.010413600000,   0.00060,
,,,0.010414000000,   0.00000,
,,,0.010414400000,   0.00040,
,,,0.010414800000,   0.00040,
,,,0.010415200000,   0.00060,
,,,0.010415600000,   0.00120,
,,,0.010416000000,   0.00100,
,,,0.010416400000,   0.00060,
,,,0.010416800000,   0.00100,
,,,0.010417200000,   0.00140,
,,,0.010417600000,   0.00000,
,,,0.010418000000,   0.00060,
,,,0.010418400000,   0.00060,
,,,0.010418800000,   0.00100,
,,,0.010419200000,   0.00100,
,,,0.010419600000,   0.00080,
,,,0.010420000000,   0.00020,
,,,0.010420400000,   0.00060,
,,,0.010420800000,   0.00060,
,,,0.010421200000,   0.00060,
,,,0.010421600000,   0.00140,
,,,0.010422000000,   0.00080,
,,,0.010422400000,   0.00100,
,,,0.010422800000,   0.00100,
,,,0.010423200000,   0.00140,
,,,0.010423600000,   0.00100,
,,,0.010424000000,   0.00120,
,,,0.010424400000,   0.00160,
,,,0.010424800000,   0.00200,
,,,0.010425200000,   0.00060,
,,,0.010425600000,   0.00140,
,,,0.010426000000,   0.00140,
,,,0.010426400000,   0.00140,
,,,0.010426800000,   0.00160,
,,,0.010427200000,   0.00120,
,,,0.010427600000,   0.00100,
,,,0.010428000000,   0.00180,
,,,0.010428400000,   0.00080,
,,,0.010428800000,   0.00220,
,,,0.010429200000,   0.00220,
,,,0.010429600000,   0.00200,
,,,0.010430000000,   0.00220,
,,,0.010430400000,   0.00140,
,,,0.010430800000,   0.00160,
,,,0.010431200000,   0.00160,
,,,0.010431600000,   0.00280,
,,,0.010432000000,   0.00180,
,,,0.010432400000,   0.00160,
,,,0.010432800000,   0.00160,
,,,0.010433200000,   0.00180,
,,,0.010433600000,   0.00180,
,,,0.010434000000,   0.00200,
,,,0.010434400000,   0.00260,
,,,0.010434800000,   0.00260,
,,,0.010435200000,   0.00260,
,,,0.010435600000,   0.00180,
,,,0.010436000000,   0.00260,
,,,0.010436400000,   0.00240,
,,,0.010436800000,   0.00200,
,,,0.010437200000,   0.00280,
,,,0.010437600000,   0.00260,
,,,0.010438000000,   0.00260,
,,,0.010438400000,   0.00280,
,,,0.010438800000,   0.00240,
,,,0.010439200000,   0.00280,
,,,0.010439600000,   0.00320,
,,,0.010440000000,   0.00320,
,,,0.010440400000,   0.00280,
,,,0.010440800000,   0.00240,
,,,0.010441200000,   0.00380,
,,,0.010441600000,   0.00360,
,,,0.010442000000,   0.00340,
,,,0.010442400000,   0.00340,
,,,0.010442800000,   0.00400,
,,,0.010443200000,   0.00300,
,,,0.010443600000,   0.00340,
,,,0.010444000000,   0.00420,
,,,0.010444400000,   0.00380,
,,,0.010444800000,   0.00400,
,,,0.010445200000,   0.00420,
,,,0.010445600000,   0.00480,
,,,0.010446000000,   0.00360,
,,,0.010446400000,   0.00440,
,,,0.010446800000,   0.00440,
,,,0.010447200000,   0.00520,
,,,0.010447600000,   0.00500,
,,,0.010448000000,   0.00500,
,,,0.010448400000,   0.00560,
,,,0.010448800000,   0.00520,
,,,0.010449200000,   0.00460,
,,,0.010449600000,   0.00520,
,,,0.010450000000,   0.00460,
,,,0.010450400000,   0.00540,
,,,0.010450800000,   0.00560,
,,,0.010451200000,   0.00500,
,,,0.010451600000,   0.00540,
,,,0.010452000000,   0.00540,
,,,0.010452400000,   0.00500,
,,,0.010452800000,   0.00540,
,,,0.010453200000,   0.00500,
,,,0.010453600000,   0.00600,
,,,0.010454000000,   0.00580,
,,,0.010454400000,   0.00480,
,,,0.010454800000,   0.00520,
,,,0.010455200000,   0.00580,
,,,0.010455600000,   0.00560,
,,,0.010456000000,   0.00540,
,,,0.010456400000,   0.00580,
,,,0.010456800000,   0.00560,
,,,0.010457200000,   0.00480,
,,,0.010457600000,   0.00480,
,,,0.010458000000,   0.00480,
,,,0.010458400000,   0.00560,
,,,0.010458800000,   0.00500,
,,,0.010459200000,   0.00480,
,,,0.010459600000,   0.00420,
,,,0.010460000000,   0.00480,
,,,0.010460400000,   0.00420,
,,,0.010460800000,   0.00480,
,,,0.010461200000,   0.00540,
,,,0.010461600000,   0.00440,
,,,0.010462000000,   0.00480,
,,,0.010462400000,   0.00560,
,,,0.010462800000,   0.00560,
,,,0.010463200000,   0.00480,
,,,0.010463600000,   0.00480,
,,,0.010464000000,   0.00440,
,,,0.010464400000,   0.00480,
,,,0.010464800000,   0.00420,
,,,0.010465200000,   0.00500,
,,,0.010465600000,   0.00480,
,,,0.010466000000,   0.00440,
,,,0.010466400000,   0.00500,
,,,0.010466800000,   0.00460,
,,,0.010467200000,   0.00620,
,,,0.010467600000,   0.00500,
,,,0.010468000000,   0.00480,
,,,0.010468400000,   0.00520,
,,,0.010468800000,   0.00520,
,,,0.010469200000,   0.00540,
,,,0.010469600000,   0.00480,
,,,0.010470000000,   0.00540,
,,,0.010470400000,   0.00540,
,,,0.010470800000,   0.00500,
,,,0.010471200000,   0.00600,
,,,0.010471600000,   0.00560,
,,,0.010472000000,   0.00560,
,,,0.010472400000,   0.00520,
,,,0.010472800000,   0.00620,
,,,0.010473200000,   0.00540,
,,,0.010473600000,   0.00540,
,,,0.010474000000,   0.00520,
,,,0.010474400000,   0.00620,
,,,0.010474800000,   0.00540,
,,,0.010475200000,   0.00580,
,,,0.010475600000,   0.00600,
,,,0.010476000000,   0.00600,
,,,0.010476400000,   0.00620,
,,,0.010476800000,   0.00640,
,,,0.010477200000,   0.00600,
,,,0.010477600000,   0.00600,
,,,0.010478000000,   0.00640,
,,,0.010478400000,   0.00660,
,,,0.010478800000,   0.00680,
,,,0.010479200000,   0.00620,
,,,0.010479600000,   0.00660,
,,,0.010480000000,   0.00620,
,,,0.010480400000,   0.00680,
,,,0.010480800000,   0.00740,
,,,0.010481200000,   0.00640,
,,,0.010481600000,   0.00680,
,,,0.010482000000,   0.00740,
,,,0.010482400000,   0.00740,
,,,0.010482800000,   0.00800,
,,,0.010483200000,   0.00800,
,,,0.010483600000,   0.00780,
,,,0.010484000000,   0.00860,
,,,0.010484400000,   0.00800,
,,,0.010484800000,   0.00840,
,,,0.010485200000,   0.00840,
,,,0.010485600000,   0.00900,
,,,0.010486000000,   0.00840,
,,,0.010486400000,   0.00880,
,,,0.010486800000,   0.00880,
,,,0.010487200000,   0.00960,
,,,0.010487600000,   0.00980,
,,,0.010488000000,   0.01000,
,,,0.010488400000,   0.01060,
,,,0.010488800000,   0.01080,
,,,0.010489200000,   0.01100,
,,,0.010489600000,   0.01100,
,,,0.010490000000,   0.01100,
,,,0.010490400000,   0.01080,
,,,0.010490800000,   0.01180,
,,,0.010491200000,   0.01220,
,,,0.010491600000,   0.01200,
,,,0.010492000000,   0.01320,
,,,0.010492400000,   0.01320,
,,,0.010492800000,   0.01320,
,,,0.010493200000,   0.01380,
,,,0.010493600000,   0.01380,
,,,0.010494000000,   0.01420,
,,,0.010494400000,   0.01420,
,,,0.010494800000,   0.01560,
,,,0.010495200000,   0.01560,
,,,0.010495600000,   0.01620,
,,,0.010496000000,   0.01600,
,,,0.010496400000,   0.01640,
,,,0.010496800000,   0.01700,
,,,0.010497200000,   0.01720,
,,,0.010497600000,   0.01760,
,,,0.010498000000,   0.01760,
,,,0.010498400000,   0.01880,
,,,0.010498800000,   0.01800,
,,,0.010499200000,   0.01820,
,,,0.010499600000,   0.01840,
,,,0.010500000000,   0.01900,
,,,0.010500400000,   0.01980,
,,,0.010500800000,   0.01980,
,,,0.010501200000,   0.01940,
,,,0.010501600000,   0.01940,
,,,0.010502000000,   0.01980,
,,,0.010502400000,   0.01960,
,,,0.010502800000,   0.01940,
,,,0.010503200000,   0.01960,
,,,0.010503600000,   0.01960,
,,,0.010504000000,   0.01960,
,,,0.010504400000,   0.01960,
,,,0.010504800000,   0.01980,
,,,0.010505200000,   0.01960,
,,,0.010505600000,   0.01980,
,,,0.010506000000,   0.01880,
,,,0.010506400000,   0.01880,
,,,0.010506800000,   0.01860,
,,,0.010507200000,   0.01800,
,,,0.010507600000,   0.01820,
,,,0.010508000000,   0.01780,
,,,0.010508400000,   0.01820,
,,,0.010508800000,   0.01720,
,,,0.010509200000,   0.01800,
,,,0.010509600000,   0.01680,
,,,0.010510000000,   0.01700,
,,,0.010510400000,   0.01720,
,,,0.010510800000,   0.01640,
,,,0.010511200000,   0.01700,
,,,0.010511600000,   0.01560,
,,,0.010512000000,   0.01620,
,,,0.010512400000,   0.01500,
,,,0.010512800000,   0.01480,
,,,0.010513200000,   0.01500,
,,,0.010513600000,   0.01500,
,,,0.010514000000,   0.01440,
,,,0.010514400000,   0.01420,
,,,0.010514800000,   0.01460,
,,,0.010515200000,   0.01420,
,,,0.010515600000,   0.01420,
,,,0.010516000000,   0.01300,
,,,0.010516400000,   0.01340,
,,,0.010516800000,   0.01300,
,,,0.010517200000,   0.01300,
,,,0.010517600000,   0.01280,
,,,0.010518000000,   0.01220,
,,,0.010518400000,   0.01280,
,,,0.010518800000,   0.01200,
,,,0.010519200000,   0.01180,
,,,0.010519600000,   0.01240,
,,,0.010520000000,   0.01140,
,,,0.010520400000,   0.01080,
,,,0.010520800000,   0.01140,
,,,0.010521200000,   0.01100,
,,,0.010521600000,   0.01040,
,,,0.010522000000,   0.01140,
,,,0.010522400000,   0.01040,
,,,0.010522800000,   0.01060,
,,,0.010523200000,   0.01020,
,,,0.010523600000,   0.01020,
,,,0.010524000000,   0.01060,
,,,0.010524400000,   0.00960,
,,,0.010524800000,   0.01000,
,,,0.010525200000,   0.01020,
,,,0.010525600000,   0.00960,
,,,0.010526000000,   0.00920,
,,,0.010526400000,   0.00960,
,,,0.010526800000,   0.00920,
,,,0.010527200000,   0.00860,
,,,0.010527600000,   0.00880,
,,,0.010528000000,   0.00880,
,,,0.010528400000,   0.00900,
,,,0.010528800000,   0.00840,
,,,0.010529200000,   0.00800,
,,,0.010529600000,   0.00760,
,,,0.010530000000,   0.00740,
,,,0.010530400000,   0.00840,
,,,0.010530800000,   0.00840,
,,,0.010531200000,   0.00740,
,,,0.010531600000,   0.00740,
,,,0.010532000000,   0.00760,
,,,0.010532400000,   0.00800,
,,,0.010532800000,   0.00760,
,,,0.010533200000,   0.00720,
,,,0.010533600000,   0.00760,
,,,0.010534000000,   0.00780,
,,,0.010534400000,   0.00720,
,,,0.010534800000,   0.00740,
,,,0.010535200000,   0.00780,
,,,0.010535600000,   0.00800,
,,,0.010536000000,   0.00740,
,,,0.010536400000,   0.00700,
,,,0.010536800000,   0.00740,
,,,0.010537200000,   0.00700,
,,,0.010537600000,   0.00740,
,,,0.010538000000,   0.00680,
,,,0.010538400000,   0.00680,
,,,0.010538800000,   0.00680,
,,,0.010539200000,   0.00680,
,,,0.010539600000,   0.00700,
,,,0.010540000000,   0.00740,
,,,0.010540400000,   0.00660,
,,,0.010540800000,   0.00660,
,,,0.010541200000,   0.00640,
,,,0.010541600000,   0.00640,
,,,0.010542000000,   0.00640,
,,,0.010542400000,   0.00740,
,,,0.010542800000,   0.00740,
,,,0.010543200000,   0.00680,
,,,0.010543600000,   0.00760,
,,,0.010544000000,   0.00680,
,,,0.010544400000,   0.00740,
,,,0.010544800000,   0.00780,
,,,0.010545200000,   0.00740,
,,,0.010545600000,   0.00740,
,,,0.010546000000,   0.00760,
,,,0.010546400000,   0.00760,
,,,0.010546800000,   0.00840,
,,,0.010547200000,   0.00780,
,,,0.010547600000,   0.00740,
,,,0.010548000000,   0.00760,
,,,0.010548400000,   0.00760,
,,,0.010548800000,   0.00780,
,,,0.010549200000,   0.00800,
,,,0.010549600000,   0.00760,
,,,0.010550000000,   0.00820,
,,,0.010550400000,   0.00780,
,,,0.010550800000,   0.00760,
,,,0.010551200000,   0.00820,
,,,0.010551600000,   0.00720,
,,,0.010552000000,   0.00780,
,,,0.010552400000,   0.00760,
,,,0.010552800000,   0.00780,
,,,0.010553200000,   0.00680,
,,,0.010553600000,   0.00800,
,,,0.010554000000,   0.00640,
,,,0.010554400000,   0.00780,
,,,0.010554800000,   0.00740,
,,,0.010555200000,   0.00780,
,,,0.010555600000,   0.00760,
,,,0.010556000000,   0.00700,
,,,0.010556400000,   0.00720,
,,,0.010556800000,   0.00700,
,,,0.010557200000,   0.00680,
,,,0.010557600000,   0.00680,
,,,0.010558000000,   0.00640,
,,,0.010558400000,   0.00600,
,,,0.010558800000,   0.00620,
,,,0.010559200000,   0.00600,
,,,0.010559600000,   0.00580,
,,,0.010560000000,   0.00600,
,,,0.010560400000,   0.00600,
,,,0.010560800000,   0.00620,
,,,0.010561200000,   0.00660,
,,,0.010561600000,   0.00620,
,,,0.010562000000,   0.00580,
,,,0.010562400000,   0.00580,
,,,0.010562800000,   0.00540,
,,,0.010563200000,   0.00540,
,,,0.010563600000,   0.00520,
,,,0.010564000000,   0.00540,
,,,0.010564400000,   0.00540,
,,,0.010564800000,   0.00440,
,,,0.010565200000,   0.00480,
,,,0.010565600000,   0.00460,
,,,0.010566000000,   0.00480,
,,,0.010566400000,   0.00480,
,,,0.010566800000,   0.00520,
,,,0.010567200000,   0.00480,
,,,0.010567600000,   0.00440,
,,,0.010568000000,   0.00480,
,,,0.010568400000,   0.00480,
,,,0.010568800000,   0.00420,
,,,0.010569200000,   0.00340,
,,,0.010569600000,   0.00360,
,,,0.010570000000,   0.00420,
,,,0.010570400000,   0.00420,
,,,0.010570800000,   0.00360,
,,,0.010571200000,   0.00360,
,,,0.010571600000,   0.00360,
,,,0.010572000000,   0.00380,
,,,0.010572400000,   0.00360,
,,,0.010572800000,   0.00460,
,,,0.010573200000,   0.00360,
,,,0.010573600000,   0.00280,
,,,0.010574000000,   0.00400,
,,,0.010574400000,   0.00340,
,,,0.010574800000,   0.00320,
,,,0.010575200000,   0.00380,
,,,0.010575600000,   0.00400,
,,,0.010576000000,   0.00320,
,,,0.010576400000,   0.00260,
,,,0.010576800000,   0.00300,
,,,0.010577200000,   0.00260,
,,,0.010577600000,   0.00260,
,,,0.010578000000,   0.00240,
,,,0.010578400000,   0.00260,
,,,0.010578800000,   0.00280,
,,,0.010579200000,   0.00280,
,,,0.010579600000,   0.00280,
,,,0.010580000000,   0.00300,
,,,0.010580400000,   0.00300,
,,,0.010580800000,   0.00240,
,,,0.010581200000,   0.00280,
,,,0.010581600000,   0.00280,
,,,0.010582000000,   0.00260,
,,,0.010582400000,   0.00200,
,,,0.010582800000,   0.00160,
,,,0.010583200000,   0.00260,
,,,0.010583600000,   0.00140,
,,,0.010584000000,   0.00160,
,,,0.010584400000,   0.00240,
,,,0.010584800000,   0.00160,
,,,0.010585200000,   0.00240,
,,,0.010585600000,   0.00200,
,,,0.010586000000,   0.00240,
,,,0.010586400000,   0.00200,
,,,0.010586800000,   0.00160,
,,,0.010587200000,   0.00160,
,,,0.010587600000,   0.00180,
,,,0.010588000000,   0.00180,
,,,0.010588400000,   0.00180,
,,,0.010588800000,   0.00200,
,,,0.010589200000,   0.00200,
,,,0.010589600000,   0.00120,
,,,0.010590000000,   0.00180,
,,,0.010590400000,   0.00200,
,,,0.010590800000,   0.00180,
,,,0.010591200000,   0.00200,
,,,0.010591600000,   0.00160,
,,,0.010592000000,   0.00200,
,,,0.010592400000,   0.00180,
,,,0.010592800000,   0.00160,
,,,0.010593200000,   0.00100,
,,,0.010593600000,   0.00140,
,,,0.010594000000,   0.00180,
,,,0.010594400000,   0.00100,
,,,0.010594800000,   0.00100,
,,,0.010595200000,   0.00140,
,,,0.010595600000,   0.00140,
,,,0.010596000000,   0.00180,
,,,0.010596400000,   0.00140,
,,,0.010596800000,   0.00140,
,,,0.010597200000,   0.00020,
,,,0.010597600000,   0.00200,
,,,0.010598000000,   0.00160,
,,,0.010598400000,   0.00080,
,,,0.010598800000,   0.00160,
,,,0.010599200000,   0.00160,
,,,0.010599600000,   0.00180,
,,,0.010600000000,   0.00100,
,,,0.010600400000,   0.00140,
,,,0.010600800000,   0.00140,
,,,0.010601200000,   0.00100,
,,,0.010601600000,   0.00080,
,,,0.010602000000,   0.00160,
,,,0.010602400000,   0.00120,
,,,0.010602800000,   0.00120,
,,,0.010603200000,   0.00120,
,,,0.010603600000,   0.00060,
,,,0.010604000000,   0.00140,
,,,0.010604400000,   0.00080,
,,,0.010604800000,   0.00160,
,,,0.010605200000,   0.00080,
,,,0.010605600000,   0.00140,
,,,0.010606000000,   0.00140,
,,,0.010606400000,   0.00100,
,,,0.010606800000,   0.00100,
,,,0.010607200000,   0.00100,
,,,0.010607600000,   0.00140,
,,,0.010608000000,   0.00100,
,,,0.010608400000,   0.00160,
,,,0.010608800000,   0.00120,
,,,0.010609200000,   0.00140,
,,,0.010609600000,   0.00160,
,,,0.010610000000,   0.00040,
,,,0.010610400000,   0.00120,
,,,0.010610800000,   0.00160,
,,,0.010611200000,   0.00060,
,,,0.010611600000,   0.00060,
,,,0.010612000000,   0.00160,
,,,0.010612400000,   0.00060,
,,,0.010612800000,   0.00060,
,,,0.010613200000,   0.00040,
,,,0.010613600000,   0.00100,
,,,0.010614000000,   0.00120,
,,,0.010614400000,   0.00020,
,,,0.010614800000,   0.00120,
,,,0.010615200000,   0.00080,
,,,0.010615600000,   0.00080,
,,,0.010616000000,   0.00120,
,,,0.010616400000,   0.00140,
,,,0.010616800000,   0.00080,
,,,0.010617200000,   0.00140,
,,,0.010617600000,   0.00060,
,,,0.010618000000,   0.00020,
,,,0.010618400000,   0.00100,
,,,0.010618800000,   0.00080,
,,,0.010619200000,   0.00120,
,,,0.010619600000,   0.00020,
,,,0.010620000000,   0.00100,
,,,0.010620400000,   0.00060,
,,,0.010620800000,   0.00040,
,,,0.010621200000,   0.00020,
,,,0.010621600000,   0.00080,
,,,0.010622000000,   0.00080,
,,,0.010622400000,   0.00160,
,,,0.010622800000,   0.00080,
,,,0.010623200000,   0.00040,
,,,0.010623600000,   0.00080,
,,,0.010624000000,   0.00080,
,,,0.010624400000,   0.00120,
,,,0.010624800000,   0.00080,
,,,0.010625200000,   0.00020,
,,,0.010625600000,   0.00020,
,,,0.010626000000,   0.00100,
,,,0.010626400000,   0.00040,
,,,0.010626800000,   0.00020,
,,,0.010627200000,   0.00060,
,,,0.010627600000,  -0.00020,
,,,0.010628000000,   0.00020,
,,,0.010628400000,   0.00040,
,,,0.010628800000,   0.00040,
,,,0.010629200000,  -0.00020,
,,,0.010629600000,   0.00100,
,,,0.010630000000,   0.00100,
,,,0.010630400000,   0.00020,
,,,0.010630800000,   0.00020,
,,,0.010631200000,   0.00060,
,,,0.010631600000,   0.00060,
,,,0.010632000000,   0.00080,
,,,0.010632400000,   0.00060,
,,,0.010632800000,   0.00040,
,,,0.010633200000,   0.00020,
,,,0.010633600000,   0.00080,
,,,0.010634000000,   0.00040,
,,,0.010634400000,   0.00080,
,,,0.010634800000,   0.00060,
,,,0.010635200000,   0.00100,
,,,0.010635600000,   0.00000,
,,,0.010636000000,   0.00080,
,,,0.010636400000,   0.00060,
,,,0.010636800000,   0.00000,
,,,0.010637200000,   0.00040,
,,,0.010637600000,  -0.00020,
,,,0.010638000000,   0.00040,
,,,0.010638400000,   0.00000,
,,,0.010638800000,   0.00040,
,,,0.010639200000,   0.00000,
,,,0.010639600000,   0.00080,
,,,0.010640000000,  -0.00040,
,,,0.010640400000,   0.00060,
,,,0.010640800000,   0.00000,
,,,0.010641200000,  -0.00020,
,,,0.010641600000,   0.00060,
,,,0.010642000000,   0.00000,
,,,0.010642400000,  -0.00020,
,,,0.010642800000,   0.00000,
,,,0.010643200000,   0.00020,
,,,0.010643600000,   0.00020,
,,,0.010644000000,   0.00020,
,,,0.010644400000,   0.00000,
,,,0.010644800000,   0.00060,
,,,0.010645200000,   0.00020,
,,,0.010645600000,  -0.00020,
,,,0.010646000000,   0.00060,
,,,0.010646400000,   0.00040,
,,,0.010646800000,   0.00080,
,,,0.010647200000,   0.00060,
,,,0.010647600000,   0.00020,
,,,0.010648000000,   0.00020,
,,,0.010648400000,   0.00020,
,,,0.010648800000,   0.00000,
,,,0.010649200000,   0.00040,
,,,0.010649600000,   0.00020,
,,,0.010650000000,   0.00000,
,,,0.010650400000,   0.00060,
,,,0.010650800000,   0.00000,
,,,0.010651200000,  -0.00020,
,,,0.010651600000,   0.00120,
,,,0.010652000000,  -0.00020,
,,,0.010652400000,   0.00020,
,,,0.010652800000,  -0.00040,
,,,0.010653200000,  -0.00020,
,,,0.010653600000,   0.00020,
,,,0.010654000000,   0.00000,
,,,0.010654400000,   0.00080,
,,,0.010654800000,   0.00000,
,,,0.010655200000,   0.00040,
,,,0.010655600000,  -0.00040,
,,,0.010656000000,   0.00020,
,,,0.010656400000,   0.00040,
,,,0.010656800000,   0.00040,
,,,0.010657200000,   0.00020,
,,,0.010657600000,   0.00040,
,,,0.010658000000,   0.00020,
,,,0.010658400000,   0.00020,
,,,0.010658800000,   0.00040,
,,,0.010659200000,   0.00020,
,,,0.010659600000,   0.00000,
,,,0.010660000000,   0.00020,
,,,0.010660400000,  -0.00020,
,,,0.010660800000,   0.00060,
,,,0.010661200000,   0.00020,
,,,0.010661600000,   0.00000,
,,,0.010662000000,   0.00040,
,,,0.010662400000,   0.00040,
,,,0.010662800000,  -0.00040,
,,,0.010663200000,   0.00080,
,,,0.010663600000,   0.00000,
,,,0.010664000000,   0.00000,
,,,0.010664400000,   0.00080,
,,,0.010664800000,   0.00020,
,,,0.010665200000,   0.00020,
,,,0.010665600000,  -0.00020,
,,,0.010666000000,   0.00020,
,,,0.010666400000,  -0.00020,
,,,0.010666800000,  -0.00020,
,,,0.010667200000,  -0.00060,
,,,0.010667600000,   0.00020,
,,,0.010668000000,  -0.00020,
,,,0.010668400000,  -0.00020,
,,,0.010668800000,  -0.00020,
,,,0.010669200000,   0.00040,
,,,0.010669600000,   0.00040,
,,,0.010670000000,  -0.00040,
,,,0.010670400000,   0.00040,
,,,0.010670800000,  -0.00060,
,,,0.010671200000,  -0.00020,
,,,0.010671600000,  -0.00020,
,,,0.010672000000,  -0.00020,
,,,0.010672400000,   0.00020,
,,,0.010672800000,  -0.00060,
,,,0.010673200000,  -0.00040,
,,,0.010673600000,   0.00000,
,,,0.010674000000,  -0.00020,
,,,0.010674400000,   0.00060,
,,,0.010674800000,   0.00000,
,,,0.010675200000,   0.00060,
,,,0.010675600000,   0.00040,
,,,0.010676000000,   0.00000,
,,,0.010676400000,   0.00020,
,,,0.010676800000,   0.00040,
,,,0.010677200000,  -0.00040,
,,,0.010677600000,   0.00060,
,,,0.010678000000,   0.00000,
,,,0.010678400000,   0.00020,
,,,0.010678800000,  -0.00020,
,,,0.010679200000,  -0.00020,
,,,0.010679600000,   0.00000,
,,,0.010680000000,  -0.00040,
,,,0.010680400000,   0.00000,
,,,0.010680800000,  -0.00060,
,,,0.010681200000,   0.00060,
,,,0.010681600000,  -0.00040,
,,,0.010682000000,  -0.00020,
,,,0.010682400000,  -0.00020,
,,,0.010682800000,   0.00000,
,,,0.010683200000,  -0.00020,
,,,0.010683600000,   0.00040,
,,,0.010684000000,   0.00040,
,,,0.010684400000,   0.00020,
,,,0.010684800000,  -0.00060,
,,,0.010685200000,  -0.00080,
,,,0.010685600000,  -0.00040,
,,,0.010686000000,  -0.00060,
,,,0.010686400000,   0.00080,
,,,0.010686800000,  -0.00040,
,,,0.010687200000,   0.00040,
,,,0.010687600000,   0.00020,
,,,0.010688000000,   0.00000,
,,,0.010688400000,  -0.00040,
,,,0.010688800000,   0.00020,
,,,0.010689200000,  -0.00040,
,,,0.010689600000,   0.00000,
,,,0.010690000000,   0.00040,
,,,0.010690400000,   0.00000,
,,,0.010690800000,   0.00040,
,,,0.010691200000,   0.00000,
,,,0.010691600000,   0.00040,
,,,0.010692000000,  -0.00060,
,,,0.010692400000,   0.00000,
,,,0.010692800000,   0.00020,
,,,0.010693200000,  -0.00040,
,,,0.010693600000,  -0.00040,
,,,0.010694000000,   0.00020,
,,,0.010694400000,   0.00000,
,,,0.010694800000,   0.00000,
,,,0.010695200000,   0.00040,
,,,0.010695600000,  -0.00020,
,,,0.010696000000,   0.00040,
,,,0.010696400000,   0.00020,
,,,0.010696800000,   0.00000,
,,,0.010697200000,  -0.00040,
,,,0.010697600000,  -0.00080,
,,,0.010698000000,   0.00040,
,,,0.010698400000,  -0.00040,
,,,0.010698800000,   0.00020,
,,,0.010699200000,   0.00060,
,,,0.010699600000,  -0.00020,
,,,0.010700000000,   0.00000,
,,,0.010700400000,   0.00040,
,,,0.010700800000,   0.00000,
,,,0.010701200000,   0.00020,
,,,0.010701600000,   0.00060,
,,,0.010702000000,   0.00040,
,,,0.010702400000,  -0.00020,
,,,0.010702800000,   0.00000,
,,,0.010703200000,   0.00000,
,,,0.010703600000,   0.00020,
,,,0.010704000000,   0.00020,
,,,0.010704400000,  -0.00040,
,,,0.010704800000,   0.00060,
,,,0.010705200000,   0.00020,
,,,0.010705600000,   0.00000,
,,,0.010706000000,   0.00040,
,,,0.010706400000,   0.00040,
,,,0.010706800000,  -0.00080,
,,,0.010707200000,   0.00000,
,,,0.010707600000,  -0.00040,
,,,0.010708000000,   0.00000,
,,,0.010708400000,   0.00000,
,,,0.010708800000,   0.00020,
,,,0.010709200000,   0.00060,
,,,0.010709600000,  -0.00060,
,,,0.010710000000,  -0.00040,
,,,0.010710400000,  -0.00020,
,,,0.010710800000,   0.00040,
,,,0.010711200000,   0.00000,
,,,0.010711600000,  -0.00100,
,,,0.010712000000,  -0.00040,
,,,0.010712400000,  -0.00040,
,,,0.010712800000,   0.00060,
,,,0.010713200000,  -0.00080,
,,,0.010713600000,   0.00040,
,,,0.010714000000,   0.00060,
,,,0.010714400000,   0.00000,
,,,0.010714800000,   0.00060,
,,,0.010715200000,   0.00000,
,,,0.010715600000,   0.00020,
,,,0.010716000000,  -0.00040,
,,,0.010716400000,  -0.00020,
,,,0.010716800000,  -0.00040,
,,,0.010717200000,   0.00020,
,,,0.010717600000,  -0.00020,
,,,0.010718000000,  -0.00080,
,,,0.010718400000,   0.00000,
,,,0.010718800000,   0.00040,
,,,0.010719200000,   0.00060,
,,,0.010719600000,   0.00000,
,,,0.010720000000,   0.00060,
,,,0.010720400000,   0.00020,
,,,0.010720800000,  -0.00020,
,,,0.010721200000,   0.00000,
,,,0.010721600000,  -0.00080,
,,,0.010722000000,   0.00080,
,,,0.010722400000,  -0.00020,
,,,0.010722800000,  -0.00040,
,,,0.010723200000,  -0.00040,
,,,0.010723600000,   0.00040,
,,,0.010724000000,  -0.00060,
,,,0.010724400000,   0.00000,
,,,0.010724800000,   0.00100,
,,,0.010725200000,  -0.00020,
,,,0.010725600000,   0.00000,
,,,0.010726000000,  -0.00060,
,,,0.010726400000,   0.00000,
,,,0.010726800000,  -0.00060,
,,,0.010727200000,   0.00060,
,,,0.010727600000,   0.00040,
,,,0.010728000000,  -0.00020,
,,,0.010728400000,   0.00020,
,,,0.010728800000,  -0.00020,
,,,0.010729200000,   0.00060,
,,,0.010729600000,   0.00080,
,,,0.010730000000,  -0.00080,
,,,0.010730400000,   0.00020,
,,,0.010730800000,   0.00000,
,,,0.010731200000,   0.00020,
,,,0.010731600000,   0.00020,
,,,0.010732000000,  -0.00080,
,,,0.010732400000,   0.00000,
,,,0.010732800000,   0.00040,
,,,0.010733200000,   0.00000,
,,,0.010733600000,   0.00060,
,,,0.010734000000,   0.00060,
,,,0.010734400000,   0.00040,
,,,0.010734800000,  -0.00040,
,,,0.010735200000,   0.00080,
,,,0.010735600000,   0.00080,
,,,0.010736000000,   0.00000,
,,,0.010736400000,   0.00020,
,,,0.010736800000,   0.00000,
,,,0.010737200000,   0.00040,
,,,0.010737600000,  -0.00060,
,,,0.010738000000,  -0.00020,
,,,0.010738400000,   0.00000,
,,,0.010738800000,   0.00020,
,,,0.010739200000,  -0.00040,
,,,0.010739600000,  -0.00040,
,,,0.010740000000,   0.00020,
,,,0.010740400000,   0.00020,
,,,0.010740800000,   0.00020,
,,,0.010741200000,   0.00000,
,,,0.010741600000,   0.00080,
,,,0.010742000000,   0.00060,
,,,0.010742400000,   0.00020,
,,,0.010742800000,   0.00020,
,,,0.010743200000,  -0.00040,
,,,0.010743600000,   0.00020,
,,,0.010744000000,   0.00020,
,,,0.010744400000,   0.00080,
,,,0.010744800000,   0.00020,
,,,0.010745200000,  -0.00040,
,,,0.010745600000,   0.00060,
,,,0.010746000000,   0.00060,
,,,0.010746400000,  -0.00020,
,,,0.010746800000,   0.00040,
,,,0.010747200000,   0.00000,
,,,0.010747600000,   0.00040,
,,,0.010748000000,  -0.00080,
,,,0.010748400000,   0.00040,
,,,0.010748800000,   0.00020,
,,,0.010749200000,   0.00060,
,,,0.010749600000,  -0.00040,
,,,0.010750000000,   0.00040,
,,,0.010750400000,   0.00020,
,,,0.010750800000,   0.00020,
,,,0.010751200000,  -0.00020,
,,,0.010751600000,   0.00060,
,,,0.010752000000,  -0.00040,
,,,0.010752400000,   0.00000,
,,,0.010752800000,  -0.00040,
,,,0.010753200000,   0.00000,
,,,0.010753600000,   0.00000,
,,,0.010754000000,  -0.00060,
,,,0.010754400000,   0.00080,
,,,0.010754800000,  -0.00060,
,,,0.010755200000,  -0.00040,
,,,0.010755600000,  -0.00040,
,,,0.010756000000,   0.00040,
,,,0.010756400000,   0.00020,
,,,0.010756800000,   0.00020,
,,,0.010757200000,   0.00080,
,,,0.010757600000,   0.00040,
,,,0.010758000000,  -0.00040,
,,,0.010758400000,   0.00040,
,,,0.010758800000,  -0.00020,
,,,0.010759200000,   0.00000,
,,,0.010759600000,  -0.00060,
,,,0.010760000000,   0.00060,
,,,0.010760400000,   0.00100,
,,,0.010760800000,  -0.00040,
,,,0.010761200000,  -0.00020,
,,,0.010761600000,   0.00080,
,,,0.010762000000,   0.00020,
,,,0.010762400000,  -0.00020,
,,,0.010762800000,   0.00020,
,,,0.010763200000,   0.00000,
,,,0.010763600000,  -0.00020,
,,,0.010764000000,   0.00040,
,,,0.010764400000,   0.00040,
,,,0.010764800000,  -0.00020,
,,,0.010765200000,   0.00020,
,,,0.010765600000,  -0.00040,
,,,0.010766000000,  -0.00060,
,,,0.010766400000,   0.00040,
,,,0.010766800000,   0.00000,
,,,0.010767200000,  -0.00020,
,,,0.010767600000,   0.00000,
,,,0.010768000000,   0.00000,
,,,0.010768400000,   0.00080,
,,,0.010768800000,  -0.00020,
,,,0.010769200000,   0.00060,
,,,0.010769600000,  -0.00040,
,,,0.010770000000,  -0.00020,
,,,0.010770400000,   0.00040,
,,,0.010770800000,   0.00020,
,,,0.010771200000,   0.00000,
,,,0.010771600000,   0.00020,
,,,0.010772000000,   0.00040,
,,,0.010772400000,   0.00100,
,,,0.010772800000,   0.00060,
,,,0.010773200000,   0.00020,
,,,0.010773600000,  -0.00020,
,,,0.010774000000,   0.00040,
,,,0.010774400000,  -0.00020,
,,,0.010774800000,   0.00060,
,,,0.010775200000,   0.00040,
,,,0.010775600000,   0.00060,
,,,0.010776000000,  -0.00020,
,,,0.010776400000,   0.00000,
,,,0.010776800000,  -0.00020,
,,,0.010777200000,  -0.00040,
,,,0.010777600000,  -0.00080,
,,,0.010778000000,   0.00060,
,,,0.010778400000,   0.00020,
,,,0.010778800000,  -0.00060,
,,,0.010779200000,   0.00020,
,,,0.010779600000,   0.00020,
,,,0.010780000000,  -0.00040,
,,,0.010780400000,  -0.00020,
,,,0.010780800000,   0.00000,
,,,0.010781200000,   0.00040,
,,,0.010781600000,   0.00020,
,,,0.010782000000,   0.00020,
,,,0.010782400000,   0.00020,
,,,0.010782800000,  -0.00040,
,,,0.010783200000,   0.00020,
,,,0.010783600000,   0.00020,
,,,0.010784000000,   0.00000,
,,,0.010784400000,   0.00020,
,,,0.010784800000,   0.00000,
,,,0.010785200000,   0.00020,
,,,0.010785600000,   0.00040,
,,,0.010786000000,  -0.00060,
,,,0.010786400000,  -0.00020,
,,,0.010786800000,   0.00000,
,,,0.010787200000,   0.00020,
,,,0.010787600000,   0.00020,
,,,0.010788000000,   0.00000,
,,,0.010788400000,   0.00020,
,,,0.010788800000,   0.00000,
,,,0.010789200000,  -0.00040,
,,,0.010789600000,   0.00040,
,,,0.010790000000,  -0.00040,
,,,0.010790400000,   0.00000,
,,,0.010790800000,   0.00000,
,,,0.010791200000,   0.00080,
,,,0.010791600000,  -0.00040,
,,,0.010792000000,  -0.00060,
,,,0.010792400000,  -0.00040,
,,,0.010792800000,   0.00020,
,,,0.010793200000,   0.00120,
,,,0.010793600000,  -0.00040,
,,,0.010794000000,   0.00100,
,,,0.010794400000,   0.00000,
,,,0.010794800000,  -0.00040,
,,,0.010795200000,   0.00000,
,,,0.010795600000,   0.00020,
,,,0.010796000000,  -0.00080,
,,,0.010796400000,   0.00020,
,,,0.010796800000,  -0.00040,
,,,0.010797200000,  -0.00020,
,,,0.010797600000,   0.00020,
,,,0.010798000000,   0.00020,
,,,0.010798400000,   0.00020,
,,,0.010798800000,   0.00000,
,,,0.010799200000,   0.00060,
,,,0.010799600000,   0.00020,
,,,0.010800000000,   0.00040,
,,,0.010800400000,  -0.00020,
,,,0.010800800000,   0.00000,
,,,0.010801200000,  -0.00040,
,,,0.010801600000,  -0.00040,
,,,0.010802000000,   0.00000,
,,,0.010802400000,   0.00000,
,,,0.010802800000,   0.00000,
,,,0.010803200000,   0.00060,
,,,0.010803600000,  -0.00020,
,,,0.010804000000,   0.00020,
,,,0.010804400000,  -0.00020,
,,,0.010804800000,  -0.00020,
,,,0.010805200000,   0.00000,
,,,0.010805600000,  -0.00020,
,,,0.010806000000,   0.00020,
,,,0.010806400000,  -0.00040,
,,,0.010806800000,   0.00020,
,,,0.010807200000,  -0.00020,
,,,0.010807600000,  -0.00040,
,,,0.010808000000,   0.00000,
,,,0.010808400000,   0.00020,
,,,0.010808800000,   0.00040,
,,,0.010809200000,   0.00000,
,,,0.010809600000,   0.00020,
,,,0.010810000000,   0.00000,
,,,0.010810400000,   0.00000,
,,,0.010810800000,  -0.00100,
,,,0.010811200000,  -0.00040,
,,,0.010811600000,   0.00000,
,,,0.010812000000,   0.00020,
,,,0.010812400000,   0.00040,
,,,0.010812800000,   0.00060,
,,,0.010813200000,   0.00020,
,,,0.010813600000,   0.00040,
,,,0.010814000000,  -0.00020,
,,,0.010814400000,  -0.00060,
,,,0.010814800000,   0.00020,
,,,0.010815200000,   0.00060,
,,,0.010815600000,   0.00020,
,,,0.010816000000,  -0.00040,
,,,0.010816400000,  -0.00020,
,,,0.010816800000,  -0.00060,
,,,0.010817200000,  -0.00020,
,,,0.010817600000,   0.00060,
,,,0.010818000000,  -0.00060,
,,,0.010818400000,   0.00060,
,,,0.010818800000,   0.00000,
,,,0.010819200000,   0.00020,
,,,0.010819600000,   0.00040,
,,,0.010820000000,   0.00040,
,,,0.010820400000,   0.00020,
,,,0.010820800000,   0.00020,
,,,0.010821200000,   0.00040,
,,,0.010821600000,   0.00020,
,,,0.010822000000,  -0.00020,
,,,0.010822400000,  -0.00080,
,,,0.010822800000,   0.00000,
,,,0.010823200000,   0.00000,
,,,0.010823600000,   0.00000,
,,,0.010824000000,   0.00060,
,,,0.010824400000,   0.00020,
,,,0.010824800000,  -0.00020,
,,,0.010825200000,   0.00040,
,,,0.010825600000,  -0.00040,
,,,0.010826000000,   0.00000,
,,,0.010826400000,   0.00020,
,,,0.010826800000,  -0.00060,
,,,0.010827200000,  -0.00080,
,,,0.010827600000,   0.00080,
,,,0.010828000000,   0.00040,
,,,0.010828400000,  -0.00020,
,,,0.010828800000,  -0.00020,
,,,0.010829200000,   0.00060,
,,,0.010829600000,   0.00000,
,,,0.010830000000,  -0.00060,
,,,0.010830400000,   0.00000,
,,,0.010830800000,  -0.00080,
,,,0.010831200000,  -0.00040,
,,,0.010831600000,   0.00040,
,,,0.010832000000,  -0.00060,
,,,0.010832400000,   0.00000,
,,,0.010832800000,  -0.00020,
,,,0.010833200000,  -0.00060,
,,,0.010833600000,   0.00060,
,,,0.010834000000,   0.00020,
,,,0.010834400000,   0.00020,
,,,0.010834800000,  -0.00020,
,,,0.010835200000,   0.00000,
,,,0.010835600000,   0.00000,
,,,0.010836000000,   0.00000,
,,,0.010836400000,   0.00000,
,,,0.010836800000,  -0.00040,
,,,0.010837200000,   0.00020,
,,,0.010837600000,   0.00060,
,,,0.010838000000,   0.00000,
,,,0.010838400000,   0.00040,
,,,0.010838800000,   0.00040,
,,,0.010839200000,   0.00060,
,,,0.010839600000,  -0.00020,
,,,0.010840000000,   0.00000,
,,,0.010840400000,   0.00000,
,,,0.010840800000,  -0.00020,
,,,0.010841200000,   0.00080,
,,,0.010841600000,   0.00040,
,,,0.010842000000,   0.00040,
,,,0.010842400000,   0.00000,
,,,0.010842800000,   0.00080,
,,,0.010843200000,   0.00040,
,,,0.010843600000,   0.00040,
,,,0.010844000000,   0.00060,
,,,0.010844400000,   0.00000,
,,,0.010844800000,  -0.00020,
,,,0.010845200000,   0.00040,
,,,0.010845600000,   0.00000,
,,,0.010846000000,   0.00040,
,,,0.010846400000,   0.00020,
,,,0.010846800000,   0.00060,
,,,0.010847200000,   0.00120,
,,,0.010847600000,  -0.00020,
,,,0.010848000000,   0.00000,
,,,0.010848400000,   0.00020,
,,,0.010848800000,  -0.00020,
,,,0.010849200000,   0.00000,
,,,0.010849600000,   0.00000,
,,,0.010850000000,  -0.00020,
,,,0.010850400000,   0.00000,
,,,0.010850800000,  -0.00040,
,,,0.010851200000,   0.00000,
,,,0.010851600000,   0.00000,
,,,0.010852000000,  -0.00020,
,,,0.010852400000,   0.00020,
,,,0.010852800000,  -0.00020,
,,,0.010853200000,  -0.00020,
,,,0.010853600000,  -0.00060,
,,,0.010854000000,  -0.00020,
,,,0.010854400000,  -0.00040,
,,,0.010854800000,   0.00000,
,,,0.010855200000,  -0.00080,
,,,0.010855600000,  -0.00060,
,,,0.010856000000,  -0.00040,
,,,0.010856400000,   0.00020,
,,,0.010856800000,   0.00040,
,,,0.010857200000,   0.00000,
,,,0.010857600000,   0.00040,
,,,0.010858000000,   0.00020,
,,,0.010858400000,   0.00000,
,,,0.010858800000,   0.00040,
,,,0.010859200000,   0.00080,
,,,0.010859600000,  -0.00020,
,,,0.010860000000,   0.00020,
,,,0.010860400000,   0.00060,
,,,0.010860800000,  -0.00040,
,,,0.010861200000,   0.00080,
,,,0.010861600000,  -0.00040,
,,,0.010862000000,  -0.00040,
,,,0.010862400000,   0.00000,
,,,0.010862800000,   0.00060,
,,,0.010863200000,  -0.00020,
,,,0.010863600000,   0.00060,
,,,0.010864000000,   0.00040,
,,,0.010864400000,   0.00060,
,,,0.010864800000,   0.00040,
,,,0.010865200000,  -0.00040,
,,,0.010865600000,  -0.00040,
,,,0.010866000000,   0.00020,
,,,0.010866400000,  -0.00060,
,,,0.010866800000,   0.00000,
,,,0.010867200000,   0.00020,
,,,0.010867600000,   0.00040,
,,,0.010868000000,  -0.00020,
,,,0.010868400000,  -0.00040,
,,,0.010868800000,   0.00060,
,,,0.010869200000,  -0.00060,
,,,0.010869600000,   0.00040,
,,,0.010870000000,   0.00040,
,,,0.010870400000,  -0.00040,
,,,0.010870800000,   0.00000,
,,,0.010871200000,  -0.00060,
,,,0.010871600000,  -0.00020,
,,,0.010872000000,   0.00020,
,,,0.010872400000,   0.00040,
,,,0.010872800000,  -0.00080,
,,,0.010873200000,   0.00020,
,,,0.010873600000,   0.00000,
,,,0.010874000000,   0.00040,
,,,0.010874400000,  -0.00040,
,,,0.010874800000,   0.00020,
,,,0.010875200000,  -0.00080,
,,,0.010875600000,  -0.00040,
,,,0.010876000000,   0.00040,
,,,0.010876400000,  -0.00020,
,,,0.010876800000,   0.00000,
,,,0.010877200000,  -0.00080,
,,,0.010877600000,  -0.00040,
,,,0.010878000000,  -0.00040,
,,,0.010878400000,  -0.00040,
,,,0.010878800000,   0.00080,
,,,0.010879200000,   0.00040,
,,,0.010879600000,   0.00020,
,,,0.010880000000,  -0.00020,
,,,0.010880400000,   0.00040,
,,,0.010880800000,   0.00080,
,,,0.010881200000,  -0.00040,
,,,0.010881600000,  -0.00060,
,,,0.010882000000,  -0.00020,
,,,0.010882400000,   0.00000,
,,,0.010882800000,  -0.00060,
,,,0.010883200000,   0.00040,
,,,0.010883600000,   0.00000,
,,,0.010884000000,  -0.00040,
,,,0.010884400000,   0.00040,
,,,0.010884800000,  -0.00040,
,,,0.010885200000,   0.00000,
,,,0.010885600000,   0.00060,
,,,0.010886000000,   0.00020,
,,,0.010886400000,  -0.00020,
,,,0.010886800000,   0.00000,
,,,0.010887200000,   0.00060,
,,,0.010887600000,  -0.00020,
,,,0.010888000000,   0.00140,
,,,0.010888400000,   0.00000,
,,,0.010888800000,  -0.00020,
,,,0.010889200000,   0.00000,
,,,0.010889600000,  -0.00020,
,,,0.010890000000,  -0.00080,
,,,0.010890400000,   0.00040,
,,,0.010890800000,   0.00020,
,,,0.010891200000,   0.00000,
,,,0.010891600000,  -0.00020,
,,,0.010892000000,   0.00000,
,,,0.010892400000,   0.00000,
,,,0.010892800000,   0.00000,
,,,0.010893200000,   0.00000,
,,,0.010893600000,   0.00000,
,,,0.010894000000,   0.00060,
,,,0.010894400000,   0.00000,
,,,0.010894800000,  -0.00060,
,,,0.010895200000,   0.00000,
,,,0.010895600000,  -0.00020,
,,,0.010896000000,   0.00020,
,,,0.010896400000,  -0.00020,
,,,0.010896800000,   0.00040,
,,,0.010897200000,   0.00000,
,,,0.010897600000,   0.00000,
,,,0.010898000000,  -0.00040,
,,,0.010898400000,   0.00020,
,,,0.010898800000,  -0.00020,
,,,0.010899200000,   0.00000,
,,,0.010899600000,   0.00020,
,,,0.010900000000,   0.00080,
,,,0.010900400000,   0.00000,
,,,0.010900800000,   0.00060,
,,,0.010901200000,  -0.00020,
,,,0.010901600000,  -0.00040,
,,,0.010902000000,  -0.00020,
,,,0.010902400000,   0.00060,
,,,0.010902800000,  -0.00020,
,,,0.010903200000,   0.00060,
,,,0.010903600000,  -0.00040,
,,,0.010904000000,   0.00020,
,,,0.010904400000,   0.00060,
,,,0.010904800000,  -0.00020,
,,,0.010905200000,   0.00040,
,,,0.010905600000,   0.00020,
,,,0.010906000000,  -0.00020,
,,,0.010906400000,  -0.00080,
,,,0.010906800000,   0.00060,
,,,0.010907200000,  -0.00020,
,,,0.010907600000,   0.00000,
,,,0.010908000000,  -0.00020,
,,,0.010908400000,   0.00060,
,,,0.010908800000,   0.00060,
,,,0.010909200000,   0.00020,
,,,0.010909600000,  -0.00060,
,,,0.010910000000,  -0.00020,
,,,0.010910400000,   0.00020,
,,,0.010910800000,   0.00040,
,,,0.010911200000,  -0.00020,
,,,0.010911600000,  -0.00040,
,,,0.010912000000,   0.00000,
,,,0.010912400000,  -0.00040,
,,,0.010912800000,   0.00040,
,,,0.010913200000,   0.00000,
,,,0.010913600000,   0.00040,
,,,0.010914000000,   0.00000,
,,,0.010914400000,   0.00020,
,,,0.010914800000,  -0.00040,
,,,0.010915200000,  -0.00040,
,,,0.010915600000,   0.00000,
,,,0.010916000000,  -0.00020,
,,,0.010916400000,   0.00020,
,,,0.010916800000,   0.00020,
,,,0.010917200000,   0.00000,
,,,0.010917600000,   0.00000,
,,,0.010918000000,   0.00000,
,,,0.010918400000,   0.00020,
,,,0.010918800000,  -0.00020,
,,,0.010919200000,  -0.00020,
,,,0.010919600000,   0.00000,
,,,0.010920000000,   0.00020,
,,,0.010920400000,   0.00000,
,,,0.010920800000,   0.00040,
,,,0.010921200000,   0.00040,
,,,0.010921600000,   0.00000,
,,,0.010922000000,   0.00040,
,,,0.010922400000,   0.00000,
,,,0.010922800000,  -0.00080,
,,,0.010923200000,   0.00000,
,,,0.010923600000,   0.00000,
,,,0.010924000000,   0.00000,
,,,0.010924400000,   0.00000,
,,,0.010924800000,  -0.00060,
,,,0.010925200000,  -0.00040,
,,,0.010925600000,   0.00000,
,,,0.010926000000,  -0.00020,
,,,0.010926400000,   0.00020,
,,,0.010926800000,   0.00020,
,,,0.010927200000,  -0.00020,
,,,0.010927600000,   0.00020,
,,,0.010928000000,  -0.00060,
,,,0.010928400000,  -0.00040,
,,,0.010928800000,   0.00080,
,,,0.010929200000,   0.00040,
,,,0.010929600000,   0.00020,
,,,0.010930000000,   0.00000,
,,,0.010930400000,  -0.00020,
,,,0.010930800000,   0.00020,
,,,0.010931200000,  -0.00060,
,,,0.010931600000,   0.00100,
,,,0.010932000000,   0.00080,
,,,0.010932400000,   0.00060,
,,,0.010932800000,   0.00000,
,,,0.010933200000,   0.00020,
,,,0.010933600000,   0.00020,
,,,0.010934000000,   0.00080,
,,,0.010934400000,  -0.00060,
,,,0.010934800000,  -0.00020,
,,,0.010935200000,   0.00040,
,,,0.010935600000,  -0.00020,
,,,0.010936000000,   0.00040,
,,,0.010936400000,  -0.00020,
,,,0.010936800000,   0.00060,
,,,0.010937200000,  -0.00040,
,,,0.010937600000,   0.00020,
,,,0.010938000000,   0.00060,
,,,0.010938400000,   0.00060,
,,,0.010938800000,   0.00020,
,,,0.010939200000,   0.00020,
,,,0.010939600000,   0.00020,
,,,0.010940000000,   0.00000,
,,,0.010940400000,   0.00060,
,,,0.010940800000,   0.00000,
,,,0.010941200000,  -0.00040,
,,,0.010941600000,   0.00000,
,,,0.010942000000,  -0.00040,
,,,0.010942400000,  -0.00020,
,,,0.010942800000,   0.00020,
,,,0.010943200000,   0.00000,
,,,0.010943600000,   0.00020,
,,,0.010944000000,   0.00020,
,,,0.010944400000,   0.00000,
,,,0.010944800000,   0.00040,
,,,0.010945200000,   0.00020,
,,,0.010945600000,  -0.00020,
,,,0.010946000000,  -0.00040,
,,,0.010946400000,   0.00080,
,,,0.010946800000,   0.00100,
,,,0.010947200000,  -0.00060,
,,,0.010947600000,   0.00000,
,,,0.010948000000,   0.00020,
,,,0.010948400000,  -0.00020,
,,,0.010948800000,   0.00060,
,,,0.010949200000,   0.00000,
,,,0.010949600000,   0.00040,
,,,0.010950000000,  -0.00060,
,,,0.010950400000,   0.00000,
,,,0.010950800000,  -0.00020,
,,,0.010951200000,   0.00000,
,,,0.010951600000,   0.00020,
,,,0.010952000000,  -0.00020,
,,,0.010952400000,   0.00020,
,,,0.010952800000,   0.00020,
,,,0.010953200000,   0.00000,
,,,0.010953600000,   0.00000,
,,,0.010954000000,  -0.00020,
,,,0.010954400000,   0.00000,
,,,0.010954800000,  -0.00040,
,,,0.010955200000,   0.00020,
,,,0.010955600000,  -0.00080,
,,,0.010956000000,  -0.00020,
,,,0.010956400000,   0.00000,
,,,0.010956800000,   0.00060,
,,,0.010957200000,   0.00020,
,,,0.010957600000,  -0.00020,
,,,0.010958000000,  -0.00020,
,,,0.010958400000,   0.00020,
,,,0.010958800000,   0.00040,
,,,0.010959200000,  -0.00020,
,,,0.010959600000,  -0.00020,
,,,0.010960000000,  -0.00060,
,,,0.010960400000,  -0.00020,
,,,0.010960800000,   0.00020,
,,,0.010961200000,  -0.00020,
,,,0.010961600000,   0.00040,
,,,0.010962000000,  -0.00040,
,,,0.010962400000,  -0.00040,
,,,0.010962800000,   0.00000,
,,,0.010963200000,  -0.00080,
,,,0.010963600000,  -0.00040,
,,,0.010964000000,   0.00040,
,,,0.010964400000,   0.00020,
,,,0.010964800000,   0.00040,
,,,0.010965200000,   0.00020,
,,,0.010965600000,   0.00080,
,,,0.010966000000,   0.00040,
,,,0.010966400000,   0.00000,
,,,0.010966800000,   0.00080,
,,,0.010967200000,   0.00040,
,,,0.010967600000,  -0.00020,
,,,0.010968000000,   0.00020,
,,,0.010968400000,  -0.00020,
,,,0.010968800000,  -0.00040,
,,,0.010969200000,   0.00020,
,,,0.010969600000,  -0.00060,
,,,0.010970000000,   0.00000,
,,,0.010970400000,   0.00000,
,,,0.010970800000,  -0.00020,
,,,0.010971200000,  -0.00020,
,,,0.010971600000,  -0.00020,
,,,0.010972000000,  -0.00020,
,,,0.010972400000,  -0.00020,
,,,0.010972800000,   0.00080,
,,,0.010973200000,  -0.00020,
,,,0.010973600000,   0.00020,
,,,0.010974000000,  -0.00020,
,,,0.010974400000,  -0.00020,
,,,0.010974800000,  -0.00020,
,,,0.010975200000,   0.00040,
,,,0.010975600000,  -0.00040,
,,,0.010976000000,   0.00020,
,,,0.010976400000,   0.00040,
,,,0.010976800000,   0.00020,
,,,0.010977200000,   0.00060,
,,,0.010977600000,  -0.00020,
,,,0.010978000000,   0.00000,
,,,0.010978400000,  -0.00020,
,,,0.010978800000,   0.00040,
,,,0.010979200000,   0.00020,
,,,0.010979600000,  -0.00020,
,,,0.010980000000,   0.00000,
,,,0.010980400000,  -0.00040,
,,,0.010980800000,   0.00040,
,,,0.010981200000,  -0.00020,
,,,0.010981600000,  -0.00040,
,,,0.010982000000,   0.00020,
,,,0.010982400000,   0.00000,
,,,0.010982800000,   0.00000,
,,,0.010983200000,   0.00000,
,,,0.010983600000,   0.00000,
,,,0.010984000000,  -0.00060,
,,,0.010984400000,   0.00000,
,,,0.010984800000,   0.00020,
,,,0.010985200000,  -0.00020,
,,,0.010985600000,  -0.00040,
,,,0.010986000000,   0.00060,
,,,0.010986400000,   0.00040,
,,,0.010986800000,   0.00000,
,,,0.010987200000,   0.00000,
,,,0.010987600000,   0.00020,
,,,0.010988000000,   0.00000,
,,,0.010988400000,  -0.00020,
,,,0.010988800000,   0.00020,
,,,0.010989200000,   0.00000,
,,,0.010989600000,   0.00000,
,,,0.010990000000,   0.00020,
,,,0.010990400000,  -0.00040,
,,,0.010990800000,   0.00000,
,,,0.010991200000,   0.00020,
,,,0.010991600000,  -0.00080,
,,,0.010992000000,   0.00060,
,,,0.010992400000,   0.00040,
,,,0.010992800000,   0.00060,
,,,0.010993200000,  -0.00040,
,,,0.010993600000,   0.00020,
,,,0.010994000000,   0.00040,
,,,0.010994400000,   0.00020,
,,,0.010994800000,  -0.00060,
,,,0.010995200000,   0.00000,
,,,0.010995600000,  -0.00060,
,,,0.010996000000,   0.00000,
,,,0.010996400000,   0.00020,
,,,0.010996800000,   0.00000,
,,,0.010997200000,   0.00040,
,,,0.010997600000,  -0.00020,
,,,0.010998000000,   0.00040,
,,,0.010998400000,   0.00040,
,,,0.010998800000,  -0.00020,
,,,0.010999200000,   0.00020,
,,,0.010999600000,   0.00060,
,,,0.011000000000,  -0.00020,
,,,0.011000400000,   0.00040,
,,,0.011000800000,   0.00060,
,,,0.011001200000,  -0.00060,
,,,0.011001600000,  -0.00020,
,,,0.011002000000,   0.00060,
,,,0.011002400000,   0.00040,
,,,0.011002800000,   0.00020,
,,,0.011003200000,   0.00000,
,,,0.011003600000,   0.00020,
,,,0.011004000000,   0.00040,
,,,0.011004400000,   0.00020,
,,,0.011004800000,   0.00000,
,,,0.011005200000,   0.00020,
,,,0.011005600000,   0.00020,
,,,0.011006000000,  -0.00060,
,,,0.011006400000,   0.00040,
,,,0.011006800000,  -0.00020,
,,,0.011007200000,  -0.00040,
,,,0.011007600000,  -0.00040,
,,,0.011008000000,   0.00040,
,,,0.011008400000,   0.00020,
,,,0.011008800000,  -0.00020,
,,,0.011009200000,  -0.00020,
,,,0.011009600000,   0.00040,
,,,0.011010000000,   0.00000,
,,,0.011010400000,   0.00000,
,,,0.011010800000,   0.00040,
,,,0.011011200000,   0.00040,
,,,0.011011600000,   0.00100,
,,,0.011012000000,   0.00040,
,,,0.011012400000,   0.00020,
,,,0.011012800000,  -0.00020,
,,,0.011013200000,   0.00020,
,,,0.011013600000,   0.00020,
,,,0.011014000000,   0.00000,
,,,0.011014400000,   0.00000,
,,,0.011014800000,   0.00040,
,,,0.011015200000,   0.00000,
,,,0.011015600000,   0.00040,
,,,0.011016000000,   0.00020,
,,,0.011016400000,   0.00000,
,,,0.011016800000,  -0.00060,
,,,0.011017200000,   0.00000,
,,,0.011017600000,   0.00020,
,,,0.011018000000,  -0.00020,
,,,0.011018400000,   0.00000,
,,,0.011018800000,   0.00040,
,,,0.011019200000,   0.00040,
,,,0.011019600000,   0.00040,
,,,0.011020000000,  -0.00040,
,,,0.011020400000,  -0.00060,
,,,0.011020800000,  -0.00020,
,,,0.011021200000,   0.00080,
,,,0.011021600000,  -0.00040,
,,,0.011022000000,   0.00040,
,,,0.011022400000,  -0.00040,
,,,0.011022800000,   0.00000,
,,,0.011023200000,  -0.00020,
,,,0.011023600000,  -0.00020,
,,,0.011024000000,  -0.00020,
,,,0.011024400000,   0.00000,
,,,0.011024800000,   0.00040,
,,,0.011025200000,  -0.00100,
,,,0.011025600000,  -0.00040,
,,,0.011026000000,   0.00040,
,,,0.011026400000,   0.00020,
,,,0.011026800000,  -0.00100,
,,,0.011027200000,   0.00000,
,,,0.011027600000,  -0.00040,
,,,0.011028000000,  -0.00060,
,,,0.011028400000,   0.00000,
,,,0.011028800000,   0.00040,
,,,0.011029200000,  -0.00040,
,,,0.011029600000,   0.00000,
,,,0.011030000000,  -0.00020,
,,,0.011030400000,  -0.00060,
,,,0.011030800000,  -0.00020,
,,,0.011031200000,   0.00000,
,,,0.011031600000,   0.00000,
,,,0.011032000000,   0.00000,
,,,0.011032400000,   0.00020,
,,,0.011032800000,   0.00040,
,,,0.011033200000,   0.00000,
,,,0.011033600000,   0.00000,
,,,0.011034000000,   0.00020,
,,,0.011034400000,  -0.00020,
,,,0.011034800000,  -0.00020,
,,,0.011035200000,   0.00020,
,,,0.011035600000,   0.00000,
,,,0.011036000000,   0.00020,
,,,0.011036400000,   0.00020,
,,,0.011036800000,   0.00020,
,,,0.011037200000,  -0.00020,
,,,0.011037600000,   0.00040,
,,,0.011038000000,   0.00040,
,,,0.011038400000,  -0.00040,
,,,0.011038800000,  -0.00080,
,,,0.011039200000,   0.00000,
,,,0.011039600000,  -0.00040,
,,,0.011040000000,  -0.00020,
,,,0.011040400000,   0.00020,
,,,0.011040800000,  -0.00060,
,,,0.011041200000,   0.00040,
,,,0.011041600000,  -0.00020,
,,,0.011042000000,  -0.00060,
,,,0.011042400000,  -0.00020,
,,,0.011042800000,   0.00020,
,,,0.011043200000,  -0.00040,
,,,0.011043600000,   0.00000,
,,,0.011044000000,   0.00000,
,,,0.011044400000,   0.00040,
,,,0.011044800000,   0.00000,
,,,0.011045200000,   0.00020,
,,,0.011045600000,   0.00060,
,,,0.011046000000,   0.00000,
,,,0.011046400000,  -0.00040,
,,,0.011046800000,  -0.00040,
,,,0.011047200000,  -0.00040,
,,,0.011047600000,  -0.00040,
,,,0.011048000000,  -0.00020,
,,,0.011048400000,   0.00000,
,,,0.011048800000,  -0.00060,
,,,0.011049200000,   0.00040,
,,,0.011049600000,  -0.00020,
,,,0.011050000000,   0.00060,
,,,0.011050400000,   0.00040,
,,,0.011050800000,   0.00040,
,,,0.011051200000,   0.00020,
,,,0.011051600000,   0.00000,
,,,0.011052000000,   0.00020,
,,,0.011052400000,  -0.00020,
,,,0.011052800000,   0.00000,
,,,0.011053200000,   0.00040,
,,,0.011053600000,   0.00020,
,,,0.011054000000,   0.00040,
,,,0.011054400000,   0.00020,
,,,0.011054800000,  -0.00040,
,,,0.011055200000,   0.00080,
,,,0.011055600000,   0.00020,
,,,0.011056000000,  -0.00020,
,,,0.011056400000,   0.00040,
,,,0.011056800000,   0.00040,
,,,0.011057200000,   0.00000,
,,,0.011057600000,   0.00020,
,,,0.011058000000,   0.00000,
,,,0.011058400000,   0.00020,
,,,0.011058800000,  -0.00040,
,,,0.011059200000,   0.00060,
,,,0.011059600000,   0.00040,
,,,0.011060000000,  -0.00020,
,,,0.011060400000,   0.00060,
,,,0.011060800000,   0.00000,
,,,0.011061200000,   0.00020,
,,,0.011061600000,  -0.00020,
,,,0.011062000000,   0.00060,
,,,0.011062400000,  -0.00080,
,,,0.011062800000,  -0.00060,
,,,0.011063200000,   0.00000,
,,,0.011063600000,  -0.00040,
,,,0.011064000000,   0.00080,
,,,0.011064400000,  -0.00040,
,,,0.011064800000,  -0.00080,
,,,0.011065200000,   0.00080,
,,,0.011065600000,   0.00000,
,,,0.011066000000,   0.00020,
,,,0.011066400000,   0.00020,
,,,0.011066800000,   0.00000,
,,,0.011067200000,   0.00020,
,,,0.011067600000,  -0.00040,
,,,0.011068000000,  -0.00040,
,,,0.011068400000,  -0.00060,
,,,0.011068800000,  -0.00040,
,,,0.011069200000,  -0.00040,
,,,0.011069600000,  -0.00040,
,,,0.011070000000,   0.00060,
,,,0.011070400000,   0.00080,
,,,0.011070800000,   0.00000,
,,,0.011071200000,   0.00100,
,,,0.011071600000,  -0.00020,
,,,0.011072000000,  -0.00040,
,,,0.011072400000,  -0.00060,
,,,0.011072800000,   0.00020,
,,,0.011073200000,  -0.00060,
,,,0.011073600000,   0.00020,
,,,0.011074000000,  -0.00040,
,,,0.011074400000,  -0.00020,
,,,0.011074800000,  -0.00020,
,,,0.011075200000,  -0.00020,
,,,0.011075600000,  -0.00040,
,,,0.011076000000,   0.00000,
,,,0.011076400000,   0.00020,
,,,0.011076800000,  -0.00020,
,,,0.011077200000,   0.00020,
,,,0.011077600000,   0.00000,
,,,0.011078000000,  -0.00040,
,,,0.011078400000,  -0.00020,
,,,0.011078800000,  -0.00040,
,,,0.011079200000,  -0.00020,
,,,0.011079600000,  -0.00020,
,,,0.011080000000,   0.00000,
,,,0.011080400000,   0.00020,
,,,0.011080800000,   0.00040,
,,,0.011081200000,   0.00060,
,,,0.011081600000,  -0.00060,
,,,0.011082000000,  -0.00060,
,,,0.011082400000,   0.00040,
,,,0.011082800000,  -0.00020,
,,,0.011083200000,   0.00080,
,,,0.011083600000,   0.00000,
,,,0.011084000000,   0.00000,
,,,0.011084400000,   0.00000,
,,,0.011084800000,   0.00080,
,,,0.011085200000,   0.00040,
,,,0.011085600000,   0.00000,
,,,0.011086000000,   0.00100,
,,,0.011086400000,   0.00020,
,,,0.011086800000,  -0.00040,
,,,0.011087200000,   0.00000,
,,,0.011087600000,  -0.00040,
,,,0.011088000000,   0.00040,
,,,0.011088400000,  -0.00020,
,,,0.011088800000,   0.00060,
,,,0.011089200000,   0.00020,
,,,0.011089600000,  -0.00040,
,,,0.011090000000,   0.00100,
,,,0.011090400000,   0.00000,
,,,0.011090800000,   0.00080,
,,,0.011091200000,   0.00080,
,,,0.011091600000,   0.00060,
,,,0.011092000000,   0.00040,
,,,0.011092400000,   0.00080,
,,,0.011092800000,   0.00000,
,,,0.011093200000,   0.00060,
,,,0.011093600000,   0.00000,
,,,0.011094000000,  -0.00060,
,,,0.011094400000,   0.00040,
,,,0.011094800000,   0.00080,
,,,0.011095200000,   0.00000,
,,,0.011095600000,  -0.00040,
,,,0.011096000000,  -0.00040,
,,,0.011096400000,   0.00040,
,,,0.011096800000,   0.00020,
,,,0.011097200000,   0.00040,
,,,0.011097600000,  -0.00040,
,,,0.011098000000,  -0.00020,
,,,0.011098400000,  -0.00020,
,,,0.011098800000,   0.00080,
,,,0.011099200000,   0.00000,
,,,0.011099600000,   0.00000,
,,,0.011100000000,   0.00020,
,,,0.011100400000,   0.00080,
,,,0.011100800000,  -0.00040,
,,,0.011101200000,   0.00000,
,,,0.011101600000,   0.00000,
,,,0.011102000000,  -0.00040,
,,,0.011102400000,   0.00060,
,,,0.011102800000,  -0.00060,
,,,0.011103200000,  -0.00020,
,,,0.011103600000,  -0.00080,
,,,0.011104000000,  -0.00020,
,,,0.011104400000,   0.00000,
,,,0.011104800000,   0.00080,
,,,0.011105200000,   0.00040,
,,,0.011105600000,   0.00020,
,,,0.011106000000,  -0.00020,
,,,0.011106400000,  -0.00040,
,,,0.011106800000,   0.00040,
,,,0.011107200000,  -0.00020,
,,,0.011107600000,   0.00000,
,,,0.011108000000,   0.00020,
,,,0.011108400000,   0.00060,
,,,0.011108800000,   0.00000,
,,,0.011109200000,   0.00020,
,,,0.011109600000,   0.00020,
,,,0.011110000000,   0.00000,
,,,0.011110400000,   0.00040,
,,,0.011110800000,   0.00080,
,,,0.011111200000,   0.00020,
,,,0.011111600000,   0.00020,
,,,0.011112000000,   0.00020,
,,,0.011112400000,  -0.00020,
,,,0.011112800000,   0.00000,
,,,0.011113200000,  -0.00040,
,,,0.011113600000,   0.00000,
,,,0.011114000000,   0.00040,
,,,0.011114400000,   0.00000,
,,,0.011114800000,   0.00120,
,,,0.011115200000,   0.00080,
,,,0.011115600000,   0.00080,
,,,0.011116000000,   0.00020,
,,,0.011116400000,   0.00020,
,,,0.011116800000,  -0.00080,
,,,0.011117200000,   0.00040,
,,,0.011117600000,   0.00060,
,,,0.011118000000,   0.00000,
,,,0.011118400000,   0.00040,
,,,0.011118800000,   0.00080,
,,,0.011119200000,   0.00040,
,,,0.011119600000,   0.00020,
,,,0.011120000000,   0.00120,
,,,0.011120400000,   0.00000,
,,,0.011120800000,   0.00000,
,,,0.011121200000,   0.00080,
,,,0.011121600000,   0.00020,
,,,0.011122000000,   0.00020,
,,,0.011122400000,   0.00000,
,,,0.011122800000,   0.00000,
,,,0.011123200000,   0.00000,
,,,0.011123600000,  -0.00040,
,,,0.011124000000,   0.00000,
,,,0.011124400000,   0.00100,
,,,0.011124800000,   0.00040,
,,,0.011125200000,   0.00060,
,,,0.011125600000,   0.00060,
,,,0.011126000000,   0.00040,
,,,0.011126400000,   0.00040,
,,,0.011126800000,   0.00000,
,,,0.011127200000,   0.00020,
,,,0.011127600000,  -0.00020,
,,,0.011128000000,   0.00040,
,,,0.011128400000,   0.00020,
,,,0.011128800000,  -0.00020,
,,,0.011129200000,   0.00000,
,,,0.011129600000,   0.00040,
,,,0.011130000000,   0.00060,
,,,0.011130400000,   0.00040,
,,,0.011130800000,   0.00060,
,,,0.011131200000,   0.00060,
,,,0.011131600000,  -0.00040,
,,,0.011132000000,   0.00020,
,,,0.011132400000,   0.00000,
,,,0.011132800000,  -0.00020,
,,,0.011133200000,   0.00060,
,,,0.011133600000,   0.00080,
,,,0.011134000000,   0.00080,
,,,0.011134400000,   0.00120,
,,,0.011134800000,   0.00040,
,,,0.011135200000,   0.00060,
,,,0.011135600000,   0.00040,
,,,0.011136000000,   0.00060,
,,,0.011136400000,   0.00060,
,,,0.011136800000,   0.00040,
,,,0.011137200000,   0.00100,
,,,0.011137600000,   0.00040,
,,,0.011138000000,  -0.00040,
,,,0.011138400000,   0.00120,
,,,0.011138800000,   0.00000,
,,,0.011139200000,   0.00060,
,,,0.011139600000,   0.00040,
,,,0.011140000000,   0.00020,
,,,0.011140400000,   0.00000,
,,,0.011140800000,   0.00080,
,,,0.011141200000,   0.00080,
,,,0.011141600000,   0.00020,
,,,0.011142000000,   0.00100,
,,,0.011142400000,   0.00020,
,,,0.011142800000,   0.00020,
,,,0.011143200000,   0.00100,
,,,0.011143600000,   0.00020,
,,,0.011144000000,   0.00060,
,,,0.011144400000,   0.00060,
,,,0.011144800000,   0.00080,
,,,0.011145200000,   0.00020,
,,,0.011145600000,   0.00060,
,,,0.011146000000,   0.00120,
,,,0.011146400000,   0.00100,
,,,0.011146800000,   0.00100,
,,,0.011147200000,   0.00100,
,,,0.011147600000,   0.00040,
,,,0.011148000000,   0.00040,
,,,0.011148400000,   0.00000,
,,,0.011148800000,   0.00080,
,,,0.011149200000,   0.00100,
,,,0.011149600000,   0.00080,
,,,0.011150000000,   0.00040,
,,,0.011150400000,   0.00080,
,,,0.011150800000,   0.00040,
,,,0.011151200000,   0.00120,
,,,0.011151600000,   0.00060,
,,,0.011152000000,   0.00100,
,,,0.011152400000,   0.00120,
,,,0.011152800000,   0.00080,
,,,0.011153200000,   0.00080,
,,,0.011153600000,   0.00080,
,,,0.011154000000,   0.00040,
,,,0.011154400000,   0.00060,
,,,0.011154800000,   0.00080,
,,,0.011155200000,   0.00080,
,,,0.011155600000,   0.00100,
,,,0.011156000000,   0.00120,
,,,0.011156400000,   0.00100,
,,,0.011156800000,   0.00040,
,,,0.011157200000,   0.00040,
,,,0.011157600000,   0.00140,
,,,0.011158000000,   0.00080,
,,,0.011158400000,   0.00100,
,,,0.011158800000,   0.00080,
,,,0.011159200000,   0.00100,
,,,0.011159600000,   0.00100,
,,,0.011160000000,   0.00080,
,,,0.011160400000,   0.00100,
,,,0.011160800000,   0.00120,
,,,0.011161200000,   0.00080,
,,,0.011161600000,   0.00120,
,,,0.011162000000,   0.00080,
,,,0.011162400000,   0.00100,
,,,0.011162800000,   0.00140,
,,,0.011163200000,   0.00100,
,,,0.011163600000,   0.00080,
,,,0.011164000000,   0.00140,
,,,0.011164400000,   0.00100,
,,,0.011164800000,   0.00100,
,,,0.011165200000,   0.00200,
,,,0.011165600000,   0.00080,
,,,0.011166000000,   0.00120,
,,,0.011166400000,   0.00160,
,,,0.011166800000,   0.00120,
,,,0.011167200000,   0.00140,
,,,0.011167600000,   0.00100,
,,,0.011168000000,   0.00120,
,,,0.011168400000,   0.00140,
,,,0.011168800000,   0.00120,
,,,0.011169200000,   0.00200,
,,,0.011169600000,   0.00220,
,,,0.011170000000,   0.00200,
,,,0.011170400000,   0.00120,
,,,0.011170800000,   0.00240,
,,,0.011171200000,   0.00180,
,,,0.011171600000,   0.00280,
,,,0.011172000000,   0.00180,
,,,0.011172400000,   0.00280,
,,,0.011172800000,   0.00220,
,,,0.011173200000,   0.00220,
,,,0.011173600000,   0.00220,
,,,0.011174000000,   0.00240,
,,,0.011174400000,   0.00280,
,,,0.011174800000,   0.00240,
,,,0.011175200000,   0.00180,
,,,0.011175600000,   0.00240,
,,,0.011176000000,   0.00240,
,,,0.011176400000,   0.00280,
,,,0.011176800000,   0.00260,
,,,0.011177200000,   0.00280,
,,,0.011177600000,   0.00220,
,,,0.011178000000,   0.00240,
,,,0.011178400000,   0.00320,
,,,0.011178800000,   0.00300,
,,,0.011179200000,   0.00300,
,,,0.011179600000,   0.00280,
,,,0.011180000000,   0.00300,
,,,0.011180400000,   0.00300,
,,,0.011180800000,   0.00320,
,,,0.011181200000,   0.00300,
,,,0.011181600000,   0.00400,
,,,0.011182000000,   0.00360,
,,,0.011182400000,   0.00380,
,,,0.011182800000,   0.00360,
,,,0.011183200000,   0.00360,
,,,0.011183600000,   0.00340,
,,,0.011184000000,   0.00400,
,,,0.011184400000,   0.00460,
,,,0.011184800000,   0.00380,
,,,0.011185200000,   0.00420,
,,,0.011185600000,   0.00480,
,,,0.011186000000,   0.00500,
,,,0.011186400000,   0.00420,
,,,0.011186800000,   0.00400,
,,,0.011187200000,   0.00440,
,,,0.011187600000,   0.00460,
,,,0.011188000000,   0.00480,
,,,0.011188400000,   0.00520,
,,,0.011188800000,   0.00560,
,,,0.011189200000,   0.00580,
,,,0.011189600000,   0.00560,
,,,0.011190000000,   0.00560,
,,,0.011190400000,   0.00600,
,,,0.011190800000,   0.00600,
,,,0.011191200000,   0.00560,
,,,0.011191600000,   0.00560,
,,,0.011192000000,   0.00580,
,,,0.011192400000,   0.00580,
,,,0.011192800000,   0.00620,
,,,0.011193200000,   0.00560,
,,,0.011193600000,   0.00640,
,,,0.011194000000,   0.00600,
,,,0.011194400000,   0.00600,
,,,0.011194800000,   0.00580,
,,,0.011195200000,   0.00640,
,,,0.011195600000,   0.00540,
,,,0.011196000000,   0.00620,
,,,0.011196400000,   0.00560,
,,,0.011196800000,   0.00540,
,,,0.011197200000,   0.00600,
,,,0.011197600000,   0.00580,
,,,0.011198000000,   0.00580,
,,,0.011198400000,   0.00520,
,,,0.011198800000,   0.00560,
,,,0.011199200000,   0.00520,
,,,0.011199600000,   0.00560,
,,,0.011200000000,   0.00560,
,,,0.011200400000,   0.00620,
,,,0.011200800000,   0.00580,
,,,0.011201200000,   0.00560,
,,,0.011201600000,   0.00560,
,,,0.011202000000,   0.00520,
,,,0.011202400000,   0.00560,
,,,0.011202800000,   0.00500,
,,,0.011203200000,   0.00560,
,,,0.011203600000,   0.00540,
,,,0.011204000000,   0.00540,
,,,0.011204400000,   0.00500,
,,,0.011204800000,   0.00580,
,,,0.011205200000,   0.00480,
,,,0.011205600000,   0.00500,
,,,0.011206000000,   0.00560,
,,,0.011206400000,   0.00480,
,,,0.011206800000,   0.00440,
,,,0.011207200000,   0.00480,
,,,0.011207600000,   0.00580,
,,,0.011208000000,   0.00520,
,,,0.011208400000,   0.00580,
,,,0.011208800000,   0.00500,
,,,0.011209200000,   0.00500,
,,,0.011209600000,   0.00520,
,,,0.011210000000,   0.00480,
,,,0.011210400000,   0.00480,
,,,0.011210800000,   0.00620,
,,,0.011211200000,   0.00480,
,,,0.011211600000,   0.00520,
,,,0.011212000000,   0.00500,
,,,0.011212400000,   0.00520,
,,,0.011212800000,   0.00520,
,,,0.011213200000,   0.00580,
,,,0.011213600000,   0.00600,
,,,0.011214000000,   0.00600,
,,,0.011214400000,   0.00580,
,,,0.011214800000,   0.00500,
,,,0.011215200000,   0.00500,
,,,0.011215600000,   0.00640,
,,,0.011216000000,   0.00600,
,,,0.011216400000,   0.00600,
,,,0.011216800000,   0.00560,
,,,0.011217200000,   0.00620,
,,,0.011217600000,   0.00640,
,,,0.011218000000,   0.00600,
,,,0.011218400000,   0.00620,
,,,0.011218800000,   0.00600,
,,,0.011219200000,   0.00640,
,,,0.011219600000,   0.00620,
,,,0.011220000000,   0.00640,
,,,0.011220400000,   0.00720,
,,,0.011220800000,   0.00660,
,,,0.011221200000,   0.00660,
,,,0.011221600000,   0.00600,
,,,0.011222000000,   0.00680,
,,,0.011222400000,   0.00700,
,,,0.011222800000,   0.00660,
,,,0.011223200000,   0.00700,
,,,0.011223600000,   0.00760,
,,,0.011224000000,   0.00780,
,,,0.011224400000,   0.00720,
,,,0.011224800000,   0.00780,
,,,0.011225200000,   0.00780,
,,,0.011225600000,   0.00800,
,,,0.011226000000,   0.00840,
,,,0.011226400000,   0.00860,
,,,0.011226800000,   0.00840,
,,,0.011227200000,   0.00880,
,,,0.011227600000,   0.00860,
,,,0.011228000000,   0.00920,
,,,0.011228400000,   0.00920,
,,,0.011228800000,   0.00960,
,,,0.011229200000,   0.00960,
,,,0.011229600000,   0.00980,
,,,0.011230000000,   0.01000,
,,,0.011230400000,   0.01040,
,,,0.011230800000,   0.01000,
,,,0.011231200000,   0.01100,
,,,0.011231600000,   0.01100,
,,,0.011232000000,   0.01120,
,,,0.011232400000,   0.01100,
,,,0.011232800000,   0.01180,
,,,0.011233200000,   0.01160,
,,,0.011233600000,   0.01180,
,,,0.011234000000,   0.01240,
,,,0.011234400000,   0.01260,
,,,0.011234800000,   0.01300,
,,,0.011235200000,   0.01340,
,,,0.011235600000,   0.01320,
,,,0.011236000000,   0.01400,
,,,0.011236400000,   0.01360,
,,,0.011236800000,   0.01460,
,,,0.011237200000,   0.01440,
,,,0.011237600000,   0.01520,
,,,0.011238000000,   0.01580,
,,,0.011238400000,   0.01660,
,,,0.011238800000,   0.01660,
,,,0.011239200000,   0.01680,
,,,0.011239600000,   0.01760,
,,,0.011240000000,   0.01740,
,,,0.011240400000,   0.01760,
,,,0.011240800000,   0.01760,
,,,0.011241200000,   0.01860,
,,,0.011241600000,   0.01840,
,,,0.011242000000,   0.01840,
,,,0.011242400000,   0.01800,
,,,0.011242800000,   0.01840,
,,,0.011243200000,   0.01840,
,,,0.011243600000,   0.01900,
,,,0.011244000000,   0.01880,
,,,0.011244400000,   0.01920,
,,,0.011244800000,   0.01880,
,,,0.011245200000,   0.01900,
,,,0.011245600000,   0.01880,
,,,0.011246000000,   0.01880,
,,,0.011246400000,   0.01860,
,,,0.011246800000,   0.01900,
,,,0.011247200000,   0.01940,
,,,0.011247600000,   0.01820,
,,,0.011248000000,   0.01820,
,,,0.011248400000,   0.01820,
,,,0.011248800000,   0.01820,
,,,0.011249200000,   0.01740,
,,,0.011249600000,   0.01800,
,,,0.011250000000,   0.01760,
,,,0.011250400000,   0.01720,
,,,0.011250800000,   0.01660,
,,,0.011251200000,   0.01640,
,,,0.011251600000,   0.01600,
,,,0.011252000000,   0.01660,
,,,0.011252400000,   0.01620,
,,,0.011252800000,   0.01580,
,,,0.011253200000,   0.01500,
,,,0.011253600000,   0.01540,
,,,0.011254000000,   0.01480,
,,,0.011254400000,   0.01480,
,,,0.011254800000,   0.01460,
,,,0.011255200000,   0.01440,
,,,0.011255600000,   0.01380,
,,,0.011256000000,   0.01400,
,,,0.011256400000,   0.01440,
,,,0.011256800000,   0.01380,
,,,0.011257200000,   0.01340,
,,,0.011257600000,   0.01280,
,,,0.011258000000,   0.01300,
,,,0.011258400000,   0.01320,
,,,0.011258800000,   0.01260,
,,,0.011259200000,   0.01240,
,,,0.011259600000,   0.01280,
,,,0.011260000000,   0.01220,
,,,0.011260400000,   0.01140,
,,,0.011260800000,   0.01200,
,,,0.011261200000,   0.01140,
,,,0.011261600000,   0.01120,
,,,0.011262000000,   0.01120,
,,,0.011262400000,   0.01100,
,,,0.011262800000,   0.01060,
,,,0.011263200000,   0.01080,
,,,0.011263600000,   0.01060,
,,,0.011264000000,   0.01020,
,,,0.011264400000,   0.01060,
,,,0.011264800000,   0.01000,
,,,0.011265200000,   0.00940,
,,,0.011265600000,   0.00980,
,,,0.011266000000,   0.01000,
,,,0.011266400000,   0.00980,
,,,0.011266800000,   0.00940,
,,,0.011267200000,   0.00920,
,,,0.011267600000,   0.00880,
,,,0.011268000000,   0.00900,
,,,0.011268400000,   0.00860,
,,,0.011268800000,   0.00900,
,,,0.011269200000,   0.00840,
,,,0.011269600000,   0.00900,
,,,0.011270000000,   0.00860,
,,,0.011270400000,   0.00820,
,,,0.011270800000,   0.00800,
,,,0.011271200000,   0.00760,
,,,0.011271600000,   0.00760,
,,,0.011272000000,   0.00800,
,,,0.011272400000,   0.00820,
,,,0.011272800000,   0.00700,
,,,0.011273200000,   0.00820,
,,,0.011273600000,   0.00800,
,,,0.011274000000,   0.00720,
,,,0.011274400000,   0.00780,
,,,0.011274800000,   0.00800,
,,,0.011275200000,   0.00760,
,,,0.011275600000,   0.00760,
,,,0.011276000000,   0.00660,
,,,0.011276400000,   0.00720,
,,,0.011276800000,   0.00700,
,,,0.011277200000,   0.00720,
,,,0.011277600000,   0.00760,
,,,0.011278000000,   0.00800,
,,,0.011278400000,   0.00780,
,,,0.011278800000,   0.00640,
,,,0.011279200000,   0.00760,
,,,0.011279600000,   0.00720,
,,,0.011280000000,   0.00680,
,,,0.011280400000,   0.00760,
,,,0.011280800000,   0.00740,
,,,0.011281200000,   0.00680,
,,,0.011281600000,   0.00720,
,,,0.011282000000,   0.00680,
,,,0.011282400000,   0.00720,
,,,0.011282800000,   0.00700,
,,,0.011283200000,   0.00740,
,,,0.011283600000,   0.00660,
,,,0.011284000000,   0.00700,
,,,0.011284400000,   0.00620,
,,,0.011284800000,   0.00640,
,,,0.011285200000,   0.00720,
,,,0.011285600000,   0.00700,
,,,0.011286000000,   0.00760,
,,,0.011286400000,   0.00760,
,,,0.011286800000,   0.00800,
,,,0.011287200000,   0.00720,
,,,0.011287600000,   0.00780,
,,,0.011288000000,   0.00760,
,,,0.011288400000,   0.00720,
,,,0.011288800000,   0.00760,
,,,0.011289200000,   0.00740,
,,,0.011289600000,   0.00780,
,,,0.011290000000,   0.00700,
,,,0.011290400000,   0.00780,
,,,0.011290800000,   0.00840,
,,,0.011291200000,   0.00800,
,,,0.011291600000,   0.00740,
,,,0.011292000000,   0.00820,
,,,0.011292400000,   0.00820,
,,,0.011292800000,   0.00840,
,,,0.011293200000,   0.00780,
,,,0.011293600000,   0.00780,
,,,0.011294000000,   0.00820,
,,,0.011294400000,   0.00820,
,,,0.011294800000,   0.00820,
,,,0.011295200000,   0.00780,
,,,0.011295600000,   0.00760,
,,,0.011296000000,   0.00860,
,,,0.011296400000,   0.00780,
,,,0.011296800000,   0.00800,
,,,0.011297200000,   0.00740,
,,,0.011297600000,   0.00700,
,,,0.011298000000,   0.00780,
,,,0.011298400000,   0.00820,
,,,0.011298800000,   0.00780,
,,,0.011299200000,   0.00760,
,,,0.011299600000,   0.00740,
,,,0.011300000000,   0.00720,
,,,0.011300400000,   0.00720,
,,,0.011300800000,   0.00680,
,,,0.011301200000,   0.00720,
,,,0.011301600000,   0.00700,
,,,0.011302000000,   0.00700,
,,,0.011302400000,   0.00720,
,,,0.011302800000,   0.00700,
,,,0.011303200000,   0.00700,
,,,0.011303600000,   0.00720,
,,,0.011304000000,   0.00620,
,,,0.011304400000,   0.00640,
,,,0.011304800000,   0.00580,
,,,0.011305200000,   0.00520,
,,,0.011305600000,   0.00560,
,,,0.011306000000,   0.00620,
,,,0.011306400000,   0.00520,
,,,0.011306800000,   0.00560,
,,,0.011307200000,   0.00520,
,,,0.011307600000,   0.00540,
,,,0.011308000000,   0.00580,
,,,0.011308400000,   0.00540,
,,,0.011308800000,   0.00420,
,,,0.011309200000,   0.00480,
,,,0.011309600000,   0.00440,
,,,0.011310000000,   0.00480,
,,,0.011310400000,   0.00460,
,,,0.011310800000,   0.00400,
,,,0.011311200000,   0.00420,
,,,0.011311600000,   0.00360,
,,,0.011312000000,   0.00480,
,,,0.011312400000,   0.00460,
,,,0.011312800000,   0.00440,
,,,0.011313200000,   0.00440,
,,,0.011313600000,   0.00420,
,,,0.011314000000,   0.00480,
,,,0.011314400000,   0.00400,
,,,0.011314800000,   0.00440,
,,,0.011315200000,   0.00340,
,,,0.011315600000,   0.00440,
,,,0.011316000000,   0.00360,
,,,0.011316400000,   0.00360,
,,,0.011316800000,   0.00360,
,,,0.011317200000,   0.00380,
,,,0.011317600000,   0.00320,
,,,0.011318000000,   0.00360,
,,,0.011318400000,   0.00360,
,,,0.011318800000,   0.00360,
,,,0.011319200000,   0.00360,
,,,0.011319600000,   0.00380,
,,,0.011320000000,   0.00360,
,,,0.011320400000,   0.00300,
,,,0.011320800000,   0.00360,
,,,0.011321200000,   0.00300,
,,,0.011321600000,   0.00280,
,,,0.011322000000,   0.00360,
,,,0.011322400000,   0.00340,
,,,0.011322800000,   0.00280,
,,,0.011323200000,   0.00320,
,,,0.011323600000,   0.00280,
,,,0.011324000000,   0.00260,
,,,0.011324400000,   0.00220,
,,,0.011324800000,   0.00280,
,,,0.011325200000,   0.00220,
,,,0.011325600000,   0.00220,
,,,0.011326000000,   0.00240,
,,,0.011326400000,   0.00200,
,,,0.011326800000,   0.00300,
,,,0.011327200000,   0.00260,
,,,0.011327600000,   0.00220,
,,,0.011328000000,   0.00220,
,,,0.011328400000,   0.00240,
,,,0.011328800000,   0.00220,
,,,0.011329200000,   0.00160,
,,,0.011329600000,   0.00220,
,,,0.011330000000,   0.00200,
,,,0.011330400000,   0.00180,
,,,0.011330800000,   0.00200,
,,,0.011331200000,   0.00180,
,,,0.011331600000,   0.00140,
,,,0.011332000000,   0.00200,
,,,0.011332400000,   0.00280,
,,,0.011332800000,   0.00180,
,,,0.011333200000,   0.00240,
,,,0.011333600000,   0.00200,
,,,0.011334000000,   0.00200,
,,,0.011334400000,   0.00180,
,,,0.011334800000,   0.00140,
,,,0.011335200000,   0.00200,
,,,0.011335600000,   0.00140,
,,,0.011336000000,   0.00060,
,,,0.011336400000,   0.00180,
,,,0.011336800000,   0.00200,
,,,0.011337200000,   0.00140,
,,,0.011337600000,   0.00200,
,,,0.011338000000,   0.00220,
,,,0.011338400000,   0.00180,
,,,0.011338800000,   0.00200,
,,,0.011339200000,   0.00140,
,,,0.011339600000,   0.00140,
,,,0.011340000000,   0.00160,
,,,0.011340400000,   0.00140,
,,,0.011340800000,   0.00160,
,,,0.011341200000,   0.00160,
,,,0.011341600000,   0.00140,
,,,0.011342000000,   0.00100,
,,,0.011342400000,   0.00220,
,,,0.011342800000,   0.00140,
,,,0.011343200000,   0.00200,
,,,0.011343600000,   0.00160,
,,,0.011344000000,   0.00180,
,,,0.011344400000,   0.00120,
,,,0.011344800000,   0.00120,
,,,0.011345200000,   0.00140,
,,,0.011345600000,   0.00080,
,,,0.011346000000,   0.00100,
,,,0.011346400000,   0.00160,
,,,0.011346800000,   0.00060,
,,,0.011347200000,   0.00100,
,,,0.011347600000,   0.00160,
,,,0.011348000000,   0.00120,
,,,0.011348400000,   0.00100,
,,,0.011348800000,   0.00140,
,,,0.011349200000,   0.00100,
,,,0.011349600000,   0.00100,
,,,0.011350000000,   0.00080,
,,,0.011350400000,   0.00040,
,,,0.011350800000,   0.00080,
,,,0.011351200000,   0.00040,
,,,0.011351600000,   0.00100,
,,,0.011352000000,   0.00120,
,,,0.011352400000,   0.00140,
,,,0.011352800000,   0.00140,
,,,0.011353200000,   0.00120,
,,,0.011353600000,   0.00080,
,,,0.011354000000,   0.00080,
,,,0.011354400000,   0.00140,
,,,0.011354800000,   0.00100,
,,,0.011355200000,   0.00020,
,,,0.011355600000,   0.00040,
,,,0.011356000000,   0.00120,
,,,0.011356400000,   0.00100,
,,,0.011356800000,   0.00080,
,,,0.011357200000,   0.00160,
,,,0.011357600000,   0.00160,
,,,0.011358000000,   0.00060,
,,,0.011358400000,   0.00080,
,,,0.011358800000,   0.00120,
,,,0.011359200000,   0.00080,
,,,0.011359600000,   0.00140,
,,,0.011360000000,   0.00140,
,,,0.011360400000,   0.00100,
,,,0.011360800000,   0.00140,
,,,0.011361200000,   0.00140,
,,,0.011361600000,   0.00060,
,,,0.011362000000,   0.00120,
,,,0.011362400000,   0.00100,
,,,0.011362800000,   0.00060,
,,,0.011363200000,   0.00100,
,,,0.011363600000,   0.00020,
,,,0.011364000000,   0.00040,
,,,0.011364400000,   0.00060,
,,,0.011364800000,  -0.00020,
,,,0.011365200000,   0.00060,
,,,0.011365600000,   0.00120,
,,,0.011366000000,   0.00080,
,,,0.011366400000,   0.00040,
,,,0.011366800000,   0.00040,
,,,0.011367200000,   0.00100,
,,,0.011367600000,   0.00080,
,,,0.011368000000,   0.00120,
,,,0.011368400000,   0.00060,
,,,0.011368800000,   0.00060,
,,,0.011369200000,   0.00020,
,,,0.011369600000,   0.00120,
,,,0.011370000000,   0.00020,
,,,0.011370400000,   0.00040,
,,,0.011370800000,   0.00000,
,,,0.011371200000,   0.00060,
,,,0.011371600000,   0.00080,
,,,0.011372000000,   0.00020,
,,,0.011372400000,   0.00060,
,,,0.011372800000,   0.00020,
,,,0.011373200000,   0.00040,
,,,0.011373600000,   0.00080,
,,,0.011374000000,   0.00040,
,,,0.011374400000,   0.00020,
,,,0.011374800000,   0.00060,
,,,0.011375200000,   0.00040,
,,,0.011375600000,   0.00000,
