Time,CH A,CH B,
0.E+0,9.9813E-2,-2.3625E-3,
2.50125E-5,1.15813E-1,3.2375E-3,
5.0025E-5,9.9813E-2,-1.5625E-3,
7.50375E-5,1.19813E-1,4.0375E-3,
1.0005E-4,1.03813E-1,-2.3625E-3,
1.25063E-4,1.19813E-1,3.2375E-3,
1.50075E-4,1.03813E-1,-2.3625E-3,
1.75088E-4,1.23813E-1,3.2375E-3,
2.001E-4,1.07813E-1,-1.5625E-3,
2.25113E-4,1.27813E-1,3.2375E-3,
2.50125E-4,1.07813E-1,-3.1625E-3,
2.75138E-4,1.23813E-1,2.4375E-3,
3.0015E-4,1.03813E-1,-2.3625E-3,
3.25163E-4,1.23813E-1,1.6375E-3,
3.50175E-4,1.07813E-1,-2.3625E-3,
3.75188E-4,1.27813E-1,2.4375E-3,
4.002E-4,1.07813E-1,-2.3625E-3,
4.25213E-4,1.23813E-1,1.6375E-3,
4.50225E-4,1.07813E-1,-2.3625E-3,
4.75238E-4,1.23813E-1,3.2375E-3,
5.0025E-4,1.03813E-1,-2.3625E-3,
5.25263E-4,1.27813E-1,2.4375E-3,
5.50275E-4,1.07813E-1,-3.1625E-3,
5.75288E-4,1.27813E-1,2.4375E-3,
6.003E-4,1.07813E-1,-3.1625E-3,
6.25313E-4,1.27813E-1,1.6375E-3,
6.50325E-4,1.11813E-1,-3.9625E-3,
6.75338E-4,1.27813E-1,1.6375E-3,
7.0035E-4,1.11813E-1,-3.1625E-3,
7.25363E-4,1.31813E-1,1.6375E-3,
7.50375E-4,1.11813E-1,-3.1625E-3,
7.75388E-4,1.27813E-1,8.375E-4,
8.004E-4,1.07813E-1,-3.1625E-3,
8.25413E-4,1.27813E-1,2.4375E-3,
8.50425E-4,1.07813E-1,-3.9625E-3,
8.75438E-4,1.23813E-1,1.6375E-3,
9.0045E-4,1.07813E-1,-4.7625E-3,
9.25463E-4,1.23813E-1,8.375E-4,
9.50475E-4,1.07813E-1,-3.9625E-3,
9.75488E-4,1.23813E-1,8.375E-4,
1.0005E-3,1.07813E-1,-3.1625E-3,
1.02551E-3,1.23813E-1,1.6375E-3,
1.05053E-3,1.07813E-1,-3.9625E-3,
1.07554E-3,1.23813E-1,8.375E-4,
1.10055E-3,1.03813E-1,-3.9625E-3,
1.12556E-3,1.19813E-1,8.375E-4,
1.15058E-3,1.03813E-1,-3.1625E-3,
1.17559E-3,1.19813E-1,8.375E-4,
1.2006E-3,1.03813E-1,-4.7625E-3,
1.22561E-3,1.19813E-1,8.375E-4,
1.25063E-3,1.03813E-1,-4.7625E-3,
1.27564E-3,1.19813E-1,3.75E-5,
1.30065E-3,1.07813E-1,-4.7625E-3,
1.32566E-3,1.23813E-1,3.75E-5,
1.35068E-3,1.07813E-1,-4.7625E-3,
1.37569E-3,1.23813E-1,3.75E-5,
1.4007E-3,1.07813E-1,-4.7625E-3,
1.42571E-3,1.19813E-1,3.75E-5,
1.45073E-3,1.03813E-1,-4.7625E-3,
1.47574E-3,1.23813E-1,-7.625E-4,
1.50075E-3,9.9813E-2,-4.7625E-3,
1.52576E-3,1.19813E-1,-7.625E-4,
1.55078E-3,9.5813E-2,-4.7625E-3,
1.57579E-3,1.15813E-1,3.75E-5,
1.6008E-3,8.7813E-2,-4.7625E-3,
1.62581E-3,1.11813E-1,3.75E-5,
1.65083E-3,8.7813E-2,-5.5625E-3,
1.67584E-3,1.07813E-1,-7.625E-4,
1.70085E-3,8.7813E-2,-4.7625E-3,
1.72586E-3,1.03813E-1,-7.625E-4,
1.75088E-3,8.3813E-2,-5.5625E-3,
1.77589E-3,1.03813E-1,-7.625E-4,
1.8009E-3,8.3813E-2,-5.5625E-3,
1.82591E-3,1.03813E-1,-1.5625E-3,
1.85093E-3,8.3813E-2,-5.5625E-3,
1.87594E-3,9.9813E-2,-7.625E-4,
1.90095E-3,7.9813E-2,-6.3625E-3,
1.92596E-3,9.9813E-2,-7.625E-4,
1.95098E-3,7.5813E-2,-6.3625E-3,
1.97599E-3,9.5813E-2,-1.5625E-3,
2.001E-3,7.9813E-2,-6.3625E-3,
2.02601E-3,9.5813E-2,-1.5625E-3,
2.05103E-3,7.9813E-2,-6.3625E-3,
2.07604E-3,9.5813E-2,-1.5625E-3,
2.10105E-3,7.9813E-2,-7.1625E-3,
2.12606E-3,9.9813E-2,-2.3625E-3,
2.15108E-3,7.9813E-2,-6.3625E-3,
2.17609E-3,9.9813E-2,-2.3625E-3,
2.2011E-3,7.9813E-2,-6.3625E-3,
2.22611E-3,9.5813E-2,-1.5625E-3,
2.25113E-3,7.5813E-2,-7.1625E-3,
2.27614E-3,9.5813E-2,-7.625E-4,
2.30115E-3,7.5813E-2,-6.3625E-3,
2.32616E-3,9.5813E-2,-2.3625E-3,
2.35118E-3,7.1813E-2,-6.3625E-3,
2.37619E-3,9.1813E-2,-1.5625E-3,
2.4012E-3,7.1813E-2,-7.1625E-3,
2.42621E-3,8.7813E-2,-3.1625E-3,
2.45123E-3,7.1813E-2,-7.1625E-3,
2.47624E-3,9.1813E-2,-3.1625E-3,
2.50125E-3,7.1813E-2,-6.3625E-3,
2.52626E-3,8.7813E-2,-2.3625E-3,
2.55128E-3,6.7813E-2,-7.1625E-3,
2.57629E-3,8.7813E-2,-2.3625E-3,
2.6013E-3,6.7813E-2,-6.3625E-3,
2.62631E-3,8.3813E-2,-3.1625E-3,
2.65133E-3,6.3813E-2,-7.9625E-3,
2.67634E-3,8.3813E-2,-3.1625E-3,
2.70135E-3,6.3813E-2,-7.1625E-3,
2.72636E-3,7.9813E-2,-3.1625E-3,
2.75138E-3,5.9813E-2,-7.9625E-3,
2.77639E-3,7.9813E-2,-3.1625E-3,
2.8014E-3,5.9813E-2,-7.9625E-3,
2.82641E-3,7.5813E-2,-3.9625E-3,
2.85143E-3,5.5813E-2,-7.9625E-3,
2.87644E-3,7.1813E-2,-3.1625E-3,
2.90145E-3,5.5813E-2,-7.9625E-3,
2.92646E-3,7.1813E-2,-3.9625E-3,
2.95148E-3,5.1813E-2,-7.9625E-3,
2.97649E-3,6.7813E-2,-3.9625E-3,
3.0015E-3,5.1813E-2,-7.9625E-3,
3.02651E-3,6.7813E-2,-3.9625E-3,
3.05153E-3,5.1813E-2,-7.9625E-3,
3.07654E-3,6.7813E-2,-3.9625E-3,
3.10155E-3,4.7813E-2,-8.7625E-3,
3.12656E-3,6.3813E-2,-3.1625E-3,
3.15158E-3,4.3813E-2,-7.9625E-3,
3.17659E-3,6.3813E-2,-3.9625E-3,
3.2016E-3,3.5813E-2,-7.9625E-3,
3.22661E-3,5.5813E-2,-3.9625E-3,
3.25163E-3,2.7813E-2,-8.7625E-3,
3.27664E-3,5.1813E-2,-3.9625E-3,
3.30165E-3,1.5813E-2,-8.7625E-3,
3.32666E-3,3.9813E-2,-4.7625E-3,
3.35168E-3,7.813E-3,-8.7625E-3,
3.37669E-3,3.1813E-2,-3.9625E-3,
3.4017E-3,-1.87E-4,-7.9625E-3,
3.42671E-3,2.3813E-2,-4.7625E-3,
3.45173E-3,-8.187E-3,-8.7625E-3,
3.47674E-3,1.5813E-2,-4.7625E-3,
3.50175E-3,-1.2187E-2,-8.7625E-3,
3.52676E-3,7.813E-3,-5.5625E-3,
3.55178E-3,-1.6187E-2,-8.7625E-3,
3.57679E-3,-1.87E-4,-4.7625E-3,
3.6018E-3,-2.8187E-2,-9.5625E-3,
3.62681E-3,-4.187E-3,-5.5625E-3,
3.65183E-3,-3.6187E-2,-9.5625E-3,
3.67684E-3,-1.2187E-2,-4.7625E-3,
3.70185E-3,-4.4187E-2,-9.5625E-3,
3.72686E-3,-2.0187E-2,-3.9625E-3,
3.75188E-3,-5.6187E-2,-9.5625E-3,
3.77689E-3,-3.2187E-2,-4.7625E-3,
3.8019E-3,-6.0187E-2,-9.5625E-3,
3.82691E-3,-4.4187E-2,-5.5625E-3,
3.85193E-3,-7.2187E-2,-9.5625E-3,
3.87694E-3,-4.8187E-2,-5.5625E-3,
3.90195E-3,-8.0187E-2,-9.5625E-3,
3.92696E-3,-6.0187E-2,-5.5625E-3,
3.95198E-3,-8.4187E-2,-1.03625E-2,
3.97699E-3,-6.4187E-2,-5.5625E-3,
4.002E-3,-9.6187E-2,-1.03625E-2,
4.02701E-3,-6.8187E-2,-5.5625E-3,
4.05203E-3,-1.04187E-1,-1.11625E-2,
4.07704E-3,-8.0187E-2,-6.3625E-3,
4.10205E-3,-1.12187E-1,-1.03625E-2,
4.12706E-3,-9.2187E-2,-5.5625E-3,
4.15208E-3,-1.16187E-1,-1.11625E-2,
4.17709E-3,-9.6187E-2,-5.5625E-3,
4.2021E-3,-1.20187E-1,-1.11625E-2,
4.22711E-3,-1.04187E-1,-6.3625E-3,
4.25213E-3,-1.32187E-1,-1.11625E-2,
4.27714E-3,-1.08187E-1,-5.5625E-3,
4.30215E-3,-1.48187E-1,-1.11625E-2,
4.32716E-3,-1.20187E-1,-6.3625E-3,
4.35218E-3,-1.56187E-1,-1.03625E-2,
4.37719E-3,-1.32187E-1,-7.1625E-3,
4.4022E-3,-1.68187E-1,-1.11625E-2,
4.42721E-3,-1.44187E-1,-6.3625E-3,
4.45223E-3,-1.76187E-1,-1.11625E-2,
4.47724E-3,-1.56187E-1,-6.3625E-3,
4.50225E-3,-1.80187E-1,-1.11625E-2,
4.52726E-3,-1.60187E-1,-6.3625E-3,
4.55228E-3,-1.88187E-1,-1.11625E-2,
4.57729E-3,-1.68187E-1,-6.3625E-3,
4.6023E-3,-1.92187E-1,-1.19625E-2,
4.62731E-3,-1.68187E-1,-7.1625E-3,
4.65233E-3,-1.96187E-1,-1.19625E-2,
4.67734E-3,-1.76187E-1,-7.1625E-3,
4.70235E-3,-2.04187E-1,-1.19625E-2,
4.72736E-3,-1.84187E-1,-7.1625E-3,
4.75238E-3,-2.12187E-1,-1.19625E-2,
4.77739E-3,-1.88187E-1,-7.1625E-3,
4.8024E-3,-2.16187E-1,-1.19625E-2,
4.82741E-3,-1.96187E-1,-7.1625E-3,
4.85243E-3,-2.24187E-1,-1.19625E-2,
4.87744E-3,-2.04187E-1,-6.3625E-3,
4.90245E-3,-2.24187E-1,-1.19625E-2,
4.92746E-3,-2.04187E-1,-7.1625E-3,
4.95248E-3,-2.28187E-1,-1.11625E-2,
4.97749E-3,-2.08187E-1,-7.1625E-3,
5.0025E-3,-2.24187E-1,-1.27625E-2,
5.02751E-3,-2.08187E-1,-7.9625E-3,
5.05253E-3,-2.24187E-1,-1.19625E-2,
5.07754E-3,-2.04187E-1,-7.9625E-3,
5.10255E-3,-2.24187E-1,-1.27625E-2,
5.12756E-3,-2.04187E-1,-7.1625E-3,
5.15258E-3,-2.20187E-1,-1.27625E-2,
5.17759E-3,-2.04187E-1,-6.3625E-3,
5.2026E-3,-2.20187E-1,-1.19625E-2,
5.22761E-3,-2.00187E-1,-7.9625E-3,
5.25263E-3,-2.16187E-1,-1.35625E-2,
5.27764E-3,-2.00187E-1,-8.7625E-3,
5.30265E-3,-2.16187E-1,-1.35625E-2,
5.32766E-3,-2.00187E-1,-8.7625E-3,
5.35268E-3,-2.16187E-1,-1.27625E-2,
5.37769E-3,-1.96187E-1,-7.1625E-3,
5.4027E-3,-2.08187E-1,-1.27625E-2,
5.42771E-3,-1.88187E-1,-7.9625E-3,
5.45273E-3,-2.04187E-1,-1.27625E-2,
5.47774E-3,-1.84187E-1,-8.7625E-3,
5.50275E-3,-2.00187E-1,-1.27625E-2,
5.52776E-3,-1.72187E-1,-8.7625E-3,
5.55278E-3,-1.92187E-1,-1.35625E-2,
5.57779E-3,-1.68187E-1,-8.7625E-3,
5.6028E-3,-1.84187E-1,-1.35625E-2,
5.62781E-3,-1.64187E-1,-8.7625E-3,
5.65283E-3,-1.80187E-1,-1.35625E-2,
5.67784E-3,-1.56187E-1,-8.7625E-3,
5.70285E-3,-1.68187E-1,-1.35625E-2,
5.72786E-3,-1.48187E-1,-7.9625E-3,
5.75288E-3,-1.60187E-1,-1.43625E-2,
5.77789E-3,-1.36187E-1,-8.7625E-3,
5.8029E-3,-1.48187E-1,-1.27625E-2,
5.82791E-3,-1.28187E-1,-9.5625E-3,
5.85293E-3,-1.40187E-1,-1.43625E-2,
5.87794E-3,-1.20187E-1,-8.7625E-3,
5.90295E-3,-1.32187E-1,-1.35625E-2,
5.92796E-3,-1.12187E-1,-8.7625E-3,
5.95298E-3,-1.20187E-1,-1.35625E-2,
5.97799E-3,-1.00187E-1,-8.7625E-3,
6.003E-3,-1.12187E-1,-1.35625E-2,
6.02801E-3,-9.2187E-2,-9.5625E-3,
6.05303E-3,-1.00187E-1,-1.43625E-2,
6.07804E-3,-7.6187E-2,-9.5625E-3,
6.10305E-3,-8.8187E-2,-1.43625E-2,
6.12806E-3,-6.8187E-2,-9.5625E-3,
6.15308E-3,-8.0187E-2,-1.35625E-2,
6.17809E-3,-6.0187E-2,-1.03625E-2,
6.2031E-3,-7.2187E-2,-1.43625E-2,
6.22811E-3,-4.4187E-2,-9.5625E-3,
6.25313E-3,-5.6187E-2,-1.43625E-2,
6.27814E-3,-3.2187E-2,-9.5625E-3,
6.30315E-3,-4.4187E-2,-1.43625E-2,
6.32816E-3,-2.0187E-2,-9.5625E-3,
6.35318E-3,-3.2187E-2,-1.51625E-2,
6.37819E-3,-4.187E-3,-9.5625E-3,
6.4032E-3,-2.0187E-2,-1.51625E-2,
6.42821E-3,3.813E-3,-9.5625E-3,
6.45323E-3,-8.187E-3,-1.51625E-2,
6.47824E-3,1.1813E-2,-9.5625E-3,
6.50325E-3,-1.87E-4,-1.43625E-2,
6.52826E-3,2.3813E-2,-1.03625E-2,
6.55328E-3,1.1813E-2,-1.43625E-2,
6.57829E-3,3.1813E-2,-1.03625E-2,
6.6033E-3,1.5813E-2,-1.43625E-2,
6.62831E-3,3.9813E-2,-1.03625E-2,
6.65333E-3,2.3813E-2,-1.43625E-2,
6.67834E-3,4.7813E-2,-1.03625E-2,
6.70335E-3,3.5813E-2,-1.51625E-2,
6.72836E-3,5.5813E-2,-1.03625E-2,
6.75338E-3,3.9813E-2,-1.51625E-2,
6.77839E-3,5.9813E-2,-1.03625E-2,
6.8034E-3,4.7813E-2,-1.51625E-2,
6.82841E-3,7.1813E-2,-1.03625E-2,
6.85343E-3,5.5813E-2,-1.43625E-2,
6.87844E-3,7.9813E-2,-1.03625E-2,
6.90345E-3,6.3813E-2,-1.51625E-2,
6.92846E-3,8.7813E-2,-1.11625E-2,
6.95348E-3,7.5813E-2,-1.51625E-2,
6.97849E-3,9.5813E-2,-1.11625E-2,
7.0035E-3,7.9813E-2,-1.59625E-2,
7.02851E-3,9.9813E-2,-9.5625E-3,
7.05353E-3,8.7813E-2,-1.59625E-2,
7.07854E-3,1.07813E-1,-1.11625E-2,
7.10355E-3,9.5813E-2,-1.51625E-2,
7.12856E-3,1.11813E-1,-1.11625E-2,
7.15358E-3,9.9813E-2,-1.59625E-2,
7.17859E-3,1.15813E-1,-1.11625E-2,
7.2036E-3,1.03813E-1,-1.59625E-2,
7.22861E-3,1.19813E-1,-1.11625E-2,
7.25363E-3,1.07813E-1,-1.59625E-2,
7.27864E-3,1.23813E-1,-1.11625E-2,
7.30365E-3,1.07813E-1,-1.59625E-2,
7.32866E-3,1.27813E-1,-1.03625E-2,
7.35368E-3,1.15813E-1,-1.59625E-2,
7.37869E-3,1.35813E-1,-1.11625E-2,
7.4037E-3,1.19813E-1,-1.51625E-2,
7.42871E-3,1.43813E-1,-1.11625E-2,
7.45373E-3,1.27813E-1,-1.59625E-2,
7.47874E-3,1.43813E-1,-1.11625E-2,
7.50375E-3,1.31813E-1,-1.59625E-2,
7.52876E-3,1.47813E-1,-1.11625E-2,
7.55378E-3,1.35813E-1,-1.59625E-2,
7.57879E-3,1.51813E-1,-1.11625E-2,
7.6038E-3,1.31813E-1,-1.67625E-2,
7.62881E-3,1.51813E-1,-1.11625E-2,
7.65383E-3,1.35813E-1,-1.59625E-2,
7.67884E-3,1.51813E-1,-1.19625E-2,
7.70385E-3,1.39813E-1,-1.59625E-2,
7.72886E-3,1.55813E-1,-1.19625E-2,
7.75388E-3,1.39813E-1,-1.67625E-2,
7.77889E-3,1.59813E-1,-1.19625E-2,
7.8039E-3,1.47813E-1,-1.59625E-2,
7.82891E-3,1.63813E-1,-1.19625E-2,
7.85393E-3,1.51813E-1,-1.75625E-2,
7.87894E-3,1.67813E-1,-1.19625E-2,
7.90395E-3,1.51813E-1,-1.67625E-2,
7.92896E-3,1.67813E-1,-1.19625E-2,
7.95398E-3,1.55813E-1,-1.67625E-2,
7.97899E-3,1.71813E-1,-1.11625E-2,
8.004E-3,1.55813E-1,-1.67625E-2,
8.02901E-3,1.71813E-1,-1.19625E-2,
8.05403E-3,1.55813E-1,-1.67625E-2,
8.07904E-3,1.71813E-1,-1.19625E-2,
8.10405E-3,1.51813E-1,-1.67625E-2,
8.12906E-3,1.71813E-1,-1.27625E-2,
8.15408E-3,1.55813E-1,-1.67625E-2,
8.17909E-3,1.71813E-1,-1.19625E-2,
8.2041E-3,1.51813E-1,-1.75625E-2,
8.22911E-3,1.67813E-1,-1.19625E-2,
8.25413E-3,1.55813E-1,-1.67625E-2,
8.27914E-3,1.71813E-1,-1.27625E-2,
8.30415E-3,1.47813E-1,-1.67625E-2,
8.32916E-3,1.67813E-1,-1.19625E-2,
8.35418E-3,1.51813E-1,-1.67625E-2,
8.37919E-3,1.71813E-1,-1.19625E-2,
8.4042E-3,1.59813E-1,-1.67625E-2,
8.42921E-3,1.75813E-1,-1.27625E-2,
8.45423E-3,1.63813E-1,-1.75625E-2,
8.47924E-3,1.79813E-1,-1.27625E-2,
8.50425E-3,1.63813E-1,-1.67625E-2,
8.52926E-3,1.83813E-1,-1.11625E-2,
8.55428E-3,1.63813E-1,-1.67625E-2,
8.57929E-3,1.79813E-1,-1.27625E-2,
8.6043E-3,1.63813E-1,-1.67625E-2,
8.62931E-3,1.83813E-1,-1.27625E-2,
8.65433E-3,1.67813E-1,-1.67625E-2,
8.67934E-3,1.83813E-1,-1.27625E-2,
8.70435E-3,1.67813E-1,-1.67625E-2,
8.72936E-3,1.83813E-1,-1.19625E-2,
8.75438E-3,1.67813E-1,-1.75625E-2,
8.77939E-3,1.83813E-1,-1.27625E-2,
8.8044E-3,1.71813E-1,-1.67625E-2,
8.82941E-3,1.87813E-1,-1.27625E-2,
8.85443E-3,1.67813E-1,-1.75625E-2,
8.87944E-3,1.83813E-1,-1.27625E-2,
8.90445E-3,1.67813E-1,-1.67625E-2,
8.92946E-3,1.83813E-1,-1.27625E-2,
8.95448E-3,1.63813E-1,-1.67625E-2,
8.97949E-3,1.83813E-1,-1.35625E-2,
9.0045E-3,1.59813E-1,-1.67625E-2,
9.02951E-3,1.79813E-1,-1.19625E-2,
9.05453E-3,1.59813E-1,-1.75625E-2,
9.07954E-3,1.75813E-1,-1.27625E-2,
9.10455E-3,1.59813E-1,-1.75625E-2,
9.12956E-3,1.75813E-1,-1.27625E-2,
9.15458E-3,1.63813E-1,-1.75625E-2,
9.17959E-3,1.79813E-1,-1.27625E-2,
9.2046E-3,1.67813E-1,-1.75625E-2,
9.22961E-3,1.83813E-1,-1.27625E-2,
9.25463E-3,1.67813E-1,-1.75625E-2,
9.27964E-3,1.83813E-1,-1.35625E-2,
9.30465E-3,1.67813E-1,-1.67625E-2,
9.32966E-3,1.83813E-1,-1.19625E-2,
9.35468E-3,1.67813E-1,-1.75625E-2,
9.37969E-3,1.87813E-1,-1.27625E-2,
9.4047E-3,1.75813E-1,-1.75625E-2,
9.42971E-3,1.91813E-1,-1.27625E-2,
9.45473E-3,1.71813E-1,-1.75625E-2,
9.47974E-3,1.91813E-1,-1.27625E-2,
9.50475E-3,1.75813E-1,-1.75625E-2,
9.52976E-3,1.91813E-1,-1.19625E-2,
9.55478E-3,1.71813E-1,-1.67625E-2,
9.57979E-3,1.91813E-1,-1.35625E-2,
9.6048E-3,1.75813E-1,-1.83625E-2,
9.62981E-3,1.91813E-1,-1.27625E-2,
9.65483E-3,1.75813E-1,-1.83625E-2,
9.67984E-3,1.91813E-1,-1.27625E-2,
9.70485E-3,1.75813E-1,-1.75625E-2,
9.72986E-3,1.91813E-1,-1.35625E-2,
9.75488E-3,1.75813E-1,-1.75625E-2,
9.77989E-3,1.87813E-1,-1.35625E-2,
9.8049E-3,1.75813E-1,-1.75625E-2,
9.82991E-3,1.87813E-1,-1.27625E-2,
9.85493E-3,1.75813E-1,-1.75625E-2,
9.87994E-3,1.91813E-1,-1.35625E-2,
9.90495E-3,1.75813E-1,-1.75625E-2,
9.92996E-3,1.91813E-1,-1.27625E-2,
9.95498E-3,1.75813E-1,-1.83625E-2,
9.97999E-3,1.91813E-1,-1.27625E-2,
1.0005E-2,1.75813E-1,-1.75625E-2,
1.003E-2,1.91813E-1,-1.19625E-2,
1.0055E-2,1.75813E-1,-1.75625E-2,
1.008E-2,1.91813E-1,-1.35625E-2,
1.01051E-2,1.75813E-1,-1.75625E-2,
1.01301E-2,1.87813E-1,-1.35625E-2,
1.01551E-2,1.71813E-1,-1.75625E-2,
1.01801E-2,1.87813E-1,-1.27625E-2,
1.02051E-2,1.71813E-1,-1.83625E-2,
1.02301E-2,1.87813E-1,-1.27625E-2,
1.02551E-2,1.71813E-1,-1.75625E-2,
1.02801E-2,1.87813E-1,-1.35625E-2,
1.03052E-2,1.67813E-1,-1.83625E-2,
1.03302E-2,1.83813E-1,-1.35625E-2,
1.03552E-2,1.71813E-1,-1.75625E-2,
1.03802E-2,1.87813E-1,-1.27625E-2,
1.04052E-2,1.71813E-1,-1.83625E-2,
1.04302E-2,1.87813E-1,-1.35625E-2,
1.04552E-2,1.71813E-1,-1.75625E-2,
1.04802E-2,1.87813E-1,-1.35625E-2,
1.05053E-2,1.75813E-1,-1.75625E-2,
1.05303E-2,1.91813E-1,-1.35625E-2,
1.05553E-2,1.75813E-1,-1.75625E-2,
1.05803E-2,1.95813E-1,-1.27625E-2,
1.06053E-2,1.79813E-1,-1.83625E-2,
1.06303E-2,1.99813E-1,-1.27625E-2,
1.06553E-2,1.79813E-1,-1.83625E-2,
1.06803E-2,1.95813E-1,-1.35625E-2,
1.07054E-2,1.79813E-1,-1.91625E-2,
1.07304E-2,1.91813E-1,-1.35625E-2,
1.07554E-2,1.79813E-1,-1.75625E-2,
1.07804E-2,1.95813E-1,-1.35625E-2,
1.08054E-2,1.79813E-1,-1.83625E-2,
1.08304E-2,1.95813E-1,-1.35625E-2,
1.08554E-2,1.79813E-1,-1.75625E-2,
1.08804E-2,1.95813E-1,-1.35625E-2,
1.09055E-2,1.75813E-1,-1.75625E-2,
1.09305E-2,1.91813E-1,-1.35625E-2,
1.09555E-2,1.75813E-1,-1.83625E-2,
1.09805E-2,1.91813E-1,-1.35625E-2,
1.10055E-2,1.75813E-1,-1.83625E-2,
1.10305E-2,1.91813E-1,-1.35625E-2,
1.10555E-2,1.71813E-1,-1.75625E-2,
1.10805E-2,1.91813E-1,-1.35625E-2,
1.11056E-2,1.71813E-1,-1.75625E-2,
1.11306E-2,1.87813E-1,-1.27625E-2,
1.11556E-2,1.67813E-1,-1.75625E-2,
1.11806E-2,1.87813E-1,-1.35625E-2,
1.12056E-2,1.67813E-1,-1.75625E-2,
1.12306E-2,1.83813E-1,-1.27625E-2,
1.12556E-2,1.63813E-1,-1.75625E-2,
1.12806E-2,1.79813E-1,-1.27625E-2,
1.13057E-2,1.55813E-1,-1.83625E-2,
1.13307E-2,1.75813E-1,-1.27625E-2,
1.13557E-2,1.55813E-1,-1.75625E-2,
1.13807E-2,1.71813E-1,-1.35625E-2,
1.14057E-2,1.55813E-1,-1.83625E-2,
1.14307E-2,1.71813E-1,-1.35625E-2,
1.14557E-2,1.55813E-1,-1.83625E-2,
1.14807E-2,1.71813E-1,-1.35625E-2,
1.15058E-2,1.55813E-1,-1.75625E-2,
1.15308E-2,1.75813E-1,-1.27625E-2,
1.15558E-2,1.59813E-1,-1.75625E-2,
1.15808E-2,1.75813E-1,-1.27625E-2,
1.16058E-2,1.59813E-1,-1.75625E-2,
1.16308E-2,1.75813E-1,-1.27625E-2,
1.16558E-2,1.59813E-1,-1.83625E-2,
1.16808E-2,1.75813E-1,-1.27625E-2,
1.17059E-2,1.63813E-1,-1.75625E-2,
1.17309E-2,1.79813E-1,-1.27625E-2,
1.17559E-2,1.63813E-1,-1.83625E-2,
1.17809E-2,1.79813E-1,-1.35625E-2,
1.18059E-2,1.59813E-1,-1.83625E-2,
1.18309E-2,1.75813E-1,-1.27625E-2,
1.18559E-2,1.63813E-1,-1.83625E-2,
1.18809E-2,1.79813E-1,-1.35625E-2,
1.1906E-2,1.63813E-1,-1.83625E-2,
1.1931E-2,1.79813E-1,-1.27625E-2,
1.1956E-2,1.59813E-1,-1.67625E-2,
1.1981E-2,1.75813E-1,-1.27625E-2,
1.2006E-2,1.59813E-1,-1.83625E-2,
1.2031E-2,1.75813E-1,-1.35625E-2,
1.2056E-2,1.55813E-1,-1.83625E-2,
1.2081E-2,1.71813E-1,-1.35625E-2,
1.21061E-2,1.51813E-1,-1.75625E-2,
1.21311E-2,1.71813E-1,-1.27625E-2,
1.21561E-2,1.51813E-1,-1.75625E-2,
1.21811E-2,1.71813E-1,-1.27625E-2,
1.22061E-2,1.55813E-1,-1.75625E-2,
1.22311E-2,1.71813E-1,-1.35625E-2,
1.22561E-2,1.55813E-1,-1.75625E-2,
1.22811E-2,1.71813E-1,-1.35625E-2,
1.23062E-2,1.51813E-1,-1.75625E-2,
1.23312E-2,1.67813E-1,-1.27625E-2,
1.23562E-2,1.47813E-1,-1.75625E-2,
1.23812E-2,1.67813E-1,-1.27625E-2,
1.24062E-2,1.43813E-1,-1.75625E-2,
1.24312E-2,1.63813E-1,-1.27625E-2,
1.24562E-2,1.35813E-1,-1.75625E-2,
1.24812E-2,1.59813E-1,-1.35625E-2,
1.25063E-2,1.35813E-1,-1.75625E-2,
1.25313E-2,1.51813E-1,-1.35625E-2,
1.25563E-2,1.35813E-1,-1.83625E-2,
1.25813E-2,1.51813E-1,-1.19625E-2,
1.26063E-2,1.35813E-1,-1.75625E-2,
1.26313E-2,1.51813E-1,-1.27625E-2,
1.26563E-2,1.27813E-1,-1.83625E-2,
1.26813E-2,1.47813E-1,-1.27625E-2,
1.27064E-2,1.27813E-1,-1.67625E-2,
1.27314E-2,1.43813E-1,-1.19625E-2,
1.27564E-2,1.27813E-1,-1.75625E-2,
1.27814E-2,1.43813E-1,-1.19625E-2,
1.28064E-2,1.27813E-1,-1.67625E-2,
1.28314E-2,1.43813E-1,-1.27625E-2,
1.28564E-2,1.27813E-1,-1.75625E-2,
1.28814E-2,1.43813E-1,-1.27625E-2,
1.29065E-2,1.27813E-1,-1.67625E-2,
1.29315E-2,1.39813E-1,-1.27625E-2,
1.29565E-2,1.23813E-1,-1.75625E-2,
1.29815E-2,1.39813E-1,-1.27625E-2,
1.30065E-2,1.23813E-1,-1.59625E-2,
1.30315E-2,1.39813E-1,-1.27625E-2,
1.30565E-2,1.23813E-1,-1.75625E-2,
1.30815E-2,1.39813E-1,-1.27625E-2,
1.31066E-2,1.23813E-1,-1.75625E-2,
1.31316E-2,1.39813E-1,-1.27625E-2,
1.31566E-2,1.23813E-1,-1.75625E-2,
1.31816E-2,1.39813E-1,-1.27625E-2,
1.32066E-2,1.23813E-1,-1.67625E-2,
1.32316E-2,1.43813E-1,-1.27625E-2,
1.32566E-2,1.23813E-1,-1.75625E-2,
1.32816E-2,1.43813E-1,-1.27625E-2,
1.33067E-2,1.27813E-1,-1.67625E-2,
1.33317E-2,1.43813E-1,-1.19625E-2,
1.33567E-2,1.27813E-1,-1.67625E-2,
1.33817E-2,1.43813E-1,-1.19625E-2,
1.34067E-2,1.27813E-1,-1.67625E-2,
1.34317E-2,1.43813E-1,-1.19625E-2,
1.34567E-2,1.27813E-1,-1.67625E-2,
1.34817E-2,1.43813E-1,-1.11625E-2,
1.35068E-2,1.27813E-1,-1.67625E-2,
1.35318E-2,1.43813E-1,-1.19625E-2,
1.35568E-2,1.27813E-1,-1.67625E-2,
1.35818E-2,1.43813E-1,-1.19625E-2,
1.36068E-2,1.27813E-1,-1.59625E-2,
1.36318E-2,1.43813E-1,-1.19625E-2,
1.36568E-2,1.27813E-1,-1.67625E-2,
1.36818E-2,1.43813E-1,-1.19625E-2,
1.37069E-2,1.27813E-1,-1.67625E-2,
1.37319E-2,1.43813E-1,-1.19625E-2,
1.37569E-2,1.27813E-1,-1.59625E-2,
1.37819E-2,1.43813E-1,-1.19625E-2,
1.38069E-2,1.23813E-1,-1.59625E-2,
1.38319E-2,1.47813E-1,-1.19625E-2,
1.38569E-2,1.31813E-1,-1.75625E-2,
1.38819E-2,1.47813E-1,-1.11625E-2,
1.3907E-2,1.31813E-1,-1.67625E-2,
1.3932E-2,1.47813E-1,-1.11625E-2,
1.3957E-2,1.31813E-1,-1.59625E-2,
1.3982E-2,1.47813E-1,-1.19625E-2,
1.4007E-2,1.35813E-1,-1.67625E-2,
1.4032E-2,1.51813E-1,-1.19625E-2,
1.4057E-2,1.39813E-1,-1.67625E-2,
1.4082E-2,1.55813E-1,-1.11625E-2,
1.41071E-2,1.39813E-1,-1.59625E-2,
1.41321E-2,1.55813E-1,-1.19625E-2,
1.41571E-2,1.39813E-1,-1.59625E-2,
1.41821E-2,1.55813E-1,-1.11625E-2,
1.42071E-2,1.39813E-1,-1.51625E-2,
1.42321E-2,1.55813E-1,-1.11625E-2,
1.42571E-2,1.39813E-1,-1.67625E-2,
1.42821E-2,1.55813E-1,-1.03625E-2,
1.43072E-2,1.39813E-1,-1.67625E-2,
1.43322E-2,1.55813E-1,-1.11625E-2,
1.43572E-2,1.39813E-1,-1.67625E-2,
1.43822E-2,1.55813E-1,-1.11625E-2,
1.44072E-2,1.43813E-1,-1.59625E-2,
1.44322E-2,1.59813E-1,-1.11625E-2,
1.44572E-2,1.39813E-1,-1.59625E-2,
1.44822E-2,1.59813E-1,-1.11625E-2,
1.45073E-2,1.39813E-1,-1.67625E-2,
1.45323E-2,1.55813E-1,-1.11625E-2,
1.45573E-2,1.35813E-1,-1.51625E-2,
1.45823E-2,1.51813E-1,-1.11625E-2,
1.46073E-2,1.31813E-1,-1.67625E-2,
1.46323E-2,1.51813E-1,-1.11625E-2,
1.46573E-2,1.31813E-1,-1.51625E-2,
1.46823E-2,1.47813E-1,-1.11625E-2,
1.47074E-2,1.31813E-1,-1.59625E-2,
1.47324E-2,1.47813E-1,-1.11625E-2,
1.47574E-2,1.31813E-1,-1.51625E-2,
1.47824E-2,1.47813E-1,-1.03625E-2,
1.48074E-2,1.31813E-1,-1.51625E-2,
1.48324E-2,1.47813E-1,-1.11625E-2,
1.48574E-2,1.27813E-1,-1.51625E-2,
1.48824E-2,1.43813E-1,-1.03625E-2,
1.49075E-2,1.27813E-1,-1.51625E-2,
1.49325E-2,1.43813E-1,-1.11625E-2,
1.49575E-2,1.27813E-1,-1.51625E-2,
1.49825E-2,1.47813E-1,-1.03625E-2,
1.50075E-2,1.31813E-1,-1.51625E-2,
1.50325E-2,1.47813E-1,-1.11625E-2,
1.50575E-2,1.31813E-1,-1.51625E-2,
1.50825E-2,1.47813E-1,-1.03625E-2,
1.51076E-2,1.27813E-1,-1.43625E-2,
1.51326E-2,1.43813E-1,-1.03625E-2,
1.51576E-2,1.27813E-1,-1.43625E-2,
1.51826E-2,1.43813E-1,-1.03625E-2,
1.52076E-2,1.27813E-1,-1.43625E-2,
1.52326E-2,1.43813E-1,-1.03625E-2,
1.52576E-2,1.23813E-1,-1.51625E-2,
1.52826E-2,1.39813E-1,-8.7625E-3,
1.53077E-2,1.23813E-1,-1.43625E-2,
1.53327E-2,1.39813E-1,-9.5625E-3,
1.53577E-2,1.19813E-1,-1.51625E-2,
1.53827E-2,1.39813E-1,-9.5625E-3,
1.54077E-2,1.19813E-1,-1.51625E-2,
1.54327E-2,1.39813E-1,-9.5625E-3,
1.54577E-2,1.23813E-1,-1.43625E-2,
1.54827E-2,1.39813E-1,-9.5625E-3,
1.55078E-2,1.19813E-1,-1.43625E-2,
1.55328E-2,1.39813E-1,-1.03625E-2,
1.55578E-2,1.19813E-1,-1.35625E-2,
1.55828E-2,1.35813E-1,-9.5625E-3,
1.56078E-2,1.15813E-1,-1.43625E-2,
1.56328E-2,1.35813E-1,-9.5625E-3,
1.56578E-2,1.19813E-1,-1.43625E-2,
1.56828E-2,1.31813E-1,-9.5625E-3,
1.57079E-2,1.19813E-1,-1.43625E-2,
1.57329E-2,1.35813E-1,-9.5625E-3,
1.57579E-2,1.15813E-1,-1.43625E-2,
1.57829E-2,1.35813E-1,-9.5625E-3,
1.58079E-2,1.15813E-1,-1.43625E-2,
1.58329E-2,1.35813E-1,-9.5625E-3,
1.58579E-2,1.19813E-1,-1.35625E-2,
1.58829E-2,1.35813E-1,-8.7625E-3,
1.5908E-2,1.15813E-1,-1.51625E-2,
1.5933E-2,1.35813E-1,-7.9625E-3,
1.5958E-2,1.15813E-1,-1.35625E-2,
1.5983E-2,1.31813E-1,-8.7625E-3,
1.6008E-2,1.15813E-1,-1.35625E-2,
1.6033E-2,1.31813E-1,-9.5625E-3,
1.6058E-2,1.07813E-1,-1.35625E-2,
1.6083E-2,1.27813E-1,-8.7625E-3,
1.61081E-2,1.11813E-1,-1.27625E-2,
1.61331E-2,1.27813E-1,-8.7625E-3,
1.61581E-2,1.07813E-1,-1.27625E-2,
1.61831E-2,1.27813E-1,-8.7625E-3,
1.62081E-2,1.11813E-1,-1.27625E-2,
1.62331E-2,1.27813E-1,-8.7625E-3,
1.62581E-2,1.11813E-1,-1.35625E-2,
1.62831E-2,1.27813E-1,-8.7625E-3,
1.63082E-2,1.11813E-1,-1.27625E-2,
1.63332E-2,1.27813E-1,-8.7625E-3,
1.63582E-2,1.11813E-1,-1.27625E-2,
1.63832E-2,1.31813E-1,-8.7625E-3,
1.64082E-2,1.15813E-1,-1.27625E-2,
1.64332E-2,1.31813E-1,-8.7625E-3,
1.64582E-2,1.15813E-1,-1.27625E-2,
1.64832E-2,1.39813E-1,-8.7625E-3,
1.65083E-2,1.19813E-1,-1.27625E-2,
1.65333E-2,1.35813E-1,-7.1625E-3,
1.65583E-2,1.19813E-1,-1.27625E-2,
1.65833E-2,1.35813E-1,-7.9625E-3,
1.66083E-2,1.19813E-1,-1.27625E-2,
1.66333E-2,1.35813E-1,-7.1625E-3,
1.66583E-2,1.19813E-1,-1.27625E-2,
1.66833E-2,1.39813E-1,-7.9625E-3,
1.67084E-2,1.23813E-1,-1.27625E-2,
1.67334E-2,1.43813E-1,-7.9625E-3,
1.67584E-2,1.23813E-1,-1.35625E-2,
1.67834E-2,1.43813E-1,-7.9625E-3,
1.68084E-2,1.23813E-1,-1.11625E-2,
1.68334E-2,1.43813E-1,-7.1625E-3,
1.68584E-2,1.27813E-1,-1.19625E-2,
1.68834E-2,1.43813E-1,-7.1625E-3,
1.69085E-2,1.27813E-1,-1.11625E-2,
1.69335E-2,1.47813E-1,-7.1625E-3,
1.69585E-2,1.27813E-1,-1.19625E-2,
1.69835E-2,1.47813E-1,-7.1625E-3,
1.70085E-2,1.27813E-1,-1.11625E-2,
1.70335E-2,1.43813E-1,-7.1625E-3,
1.70585E-2,1.31813E-1,-1.19625E-2,
1.70835E-2,1.47813E-1,-7.1625E-3,
1.71086E-2,1.31813E-1,-1.19625E-2,
1.71336E-2,1.51813E-1,-6.3625E-3,
1.71586E-2,1.35813E-1,-1.11625E-2,
1.71836E-2,1.47813E-1,-7.1625E-3,
1.72086E-2,1.35813E-1,-1.11625E-2,
1.72336E-2,1.51813E-1,-7.1625E-3,
1.72586E-2,1.35813E-1,-1.03625E-2,
1.72836E-2,1.51813E-1,-7.1625E-3,
1.73087E-2,1.35813E-1,-1.11625E-2,
1.73337E-2,1.51813E-1,-6.3625E-3,
1.73587E-2,1.35813E-1,-1.11625E-2,
1.73837E-2,1.51813E-1,-7.1625E-3,
1.74087E-2,1.35813E-1,-1.19625E-2,
1.74337E-2,1.51813E-1,-6.3625E-3,
1.74587E-2,1.35813E-1,-1.03625E-2,
1.74837E-2,1.55813E-1,-5.5625E-3,
1.75088E-2,1.39813E-1,-1.11625E-2,
1.75338E-2,1.55813E-1,-6.3625E-3,
1.75588E-2,1.39813E-1,-1.11625E-2,
1.75838E-2,1.55813E-1,-5.5625E-3,
1.76088E-2,1.39813E-1,-1.11625E-2,
1.76338E-2,1.55813E-1,-5.5625E-3,
1.76588E-2,1.35813E-1,-1.03625E-2,
1.76838E-2,1.55813E-1,-5.5625E-3,
1.77089E-2,1.39813E-1,-1.03625E-2,
1.77339E-2,1.55813E-1,-5.5625E-3,
1.77589E-2,1.39813E-1,-9.5625E-3,
1.77839E-2,1.55813E-1,-4.7625E-3,
1.78089E-2,1.43813E-1,-1.03625E-2,
1.78339E-2,1.59813E-1,-6.3625E-3,
1.78589E-2,1.39813E-1,-1.11625E-2,
1.78839E-2,1.59813E-1,-5.5625E-3,
1.7909E-2,1.39813E-1,-9.5625E-3,
1.7934E-2,1.55813E-1,-5.5625E-3,
1.7959E-2,1.39813E-1,-1.03625E-2,
1.7984E-2,1.55813E-1,-5.5625E-3,
1.8009E-2,1.39813E-1,-9.5625E-3,
1.8034E-2,1.55813E-1,-4.7625E-3,
1.8059E-2,1.39813E-1,-9.5625E-3,
1.8084E-2,1.55813E-1,-5.5625E-3,
1.81091E-2,1.39813E-1,-9.5625E-3,
1.81341E-2,1.55813E-1,-5.5625E-3,
1.81591E-2,1.39813E-1,-1.03625E-2,
1.81841E-2,1.55813E-1,-3.9625E-3,
1.82091E-2,1.35813E-1,-9.5625E-3,
1.82341E-2,1.51813E-1,-4.7625E-3,
1.82591E-2,1.31813E-1,-9.5625E-3,
1.82841E-2,1.47813E-1,-3.9625E-3,
1.83092E-2,1.31813E-1,-1.03625E-2,
1.83342E-2,1.47813E-1,-4.7625E-3,
1.83592E-2,1.31813E-1,-9.5625E-3,
1.83842E-2,1.43813E-1,-3.9625E-3,
1.84092E-2,1.31813E-1,-9.5625E-3,
1.84342E-2,1.47813E-1,-4.7625E-3,
1.84592E-2,1.27813E-1,-7.9625E-3,
1.84842E-2,1.43813E-1,-4.7625E-3,
1.85093E-2,1.27813E-1,-8.7625E-3,
1.85343E-2,1.43813E-1,-4.7625E-3,
1.85593E-2,1.23813E-1,-8.7625E-3,
1.85843E-2,1.43813E-1,-3.9625E-3,
1.86093E-2,1.23813E-1,-8.7625E-3,
1.86343E-2,1.39813E-1,-3.9625E-3,
1.86593E-2,1.19813E-1,-8.7625E-3,
1.86843E-2,1.35813E-1,-4.7625E-3,
1.87094E-2,1.19813E-1,-7.9625E-3,
1.87344E-2,1.39813E-1,-3.1625E-3,
1.87594E-2,1.23813E-1,-7.1625E-3,
1.87844E-2,1.39813E-1,-3.1625E-3,
1.88094E-2,1.23813E-1,-7.9625E-3,
1.88344E-2,1.39813E-1,-3.9625E-3,
1.88594E-2,1.23813E-1,-7.9625E-3,
1.88844E-2,1.43813E-1,-3.1625E-3,
1.89095E-2,1.23813E-1,-7.1625E-3,
1.89345E-2,1.43813E-1,-3.9625E-3,
1.89595E-2,1.23813E-1,-7.9625E-3,
1.89845E-2,1.39813E-1,-3.9625E-3,
1.90095E-2,1.19813E-1,-7.9625E-3,
1.90345E-2,1.35813E-1,-3.1625E-3,
1.90595E-2,1.19813E-1,-8.7625E-3,
1.90845E-2,1.35813E-1,-3.9625E-3,
1.91096E-2,1.19813E-1,-7.1625E-3,
1.91346E-2,1.35813E-1,-1.5625E-3,
1.91596E-2,1.19813E-1,-7.1625E-3,
1.91846E-2,1.39813E-1,-2.3625E-3,
1.92096E-2,1.19813E-1,-7.1625E-3,
1.92346E-2,1.39813E-1,-2.3625E-3,
1.92596E-2,1.19813E-1,-7.1625E-3,
1.92846E-2,1.39813E-1,-2.3625E-3,
1.93097E-2,1.15813E-1,-6.3625E-3,
1.93347E-2,1.31813E-1,-2.3625E-3,
1.93597E-2,1.15813E-1,-7.9625E-3,
1.93847E-2,1.31813E-1,-2.3625E-3,
1.94097E-2,1.11813E-1,-7.1625E-3,
1.94347E-2,1.27813E-1,-2.3625E-3,
1.94597E-2,1.11813E-1,-5.5625E-3,
1.94847E-2,1.27813E-1,-1.5625E-3,
1.95098E-2,1.11813E-1,-6.3625E-3,
1.95348E-2,1.27813E-1,-2.3625E-3,
1.95598E-2,1.07813E-1,-6.3625E-3,
1.95848E-2,1.27813E-1,-2.3625E-3,
1.96098E-2,1.07813E-1,-6.3625E-3,
1.96348E-2,1.23813E-1,-1.5625E-3,
1.96598E-2,1.03813E-1,-6.3625E-3,
1.96848E-2,1.23813E-1,-2.3625E-3,
1.97099E-2,1.07813E-1,-5.5625E-3,
1.97349E-2,1.23813E-1,-1.5625E-3,
1.97599E-2,1.03813E-1,-5.5625E-3,
1.97849E-2,1.19813E-1,-1.5625E-3,
1.98099E-2,1.03813E-1,-6.3625E-3,
1.98349E-2,1.19813E-1,-1.5625E-3,
1.98599E-2,9.9813E-2,-7.1625E-3,
1.98849E-2,1.15813E-1,-7.625E-4,
1.991E-2,9.9813E-2,-5.5625E-3,
1.9935E-2,1.15813E-1,-7.625E-4,
1.996E-2,9.5813E-2,-5.5625E-3,
1.9985E-2,1.15813E-1,-7.625E-4,
2.001E-2,9.1813E-2,-6.3625E-3,
2.0035E-2,1.11813E-1,-7.625E-4,
2.006E-2,9.1813E-2,-5.5625E-3,
2.0085E-2,1.07813E-1,3.75E-5,
2.01101E-2,8.3813E-2,-5.5625E-3,
2.01351E-2,1.03813E-1,3.75E-5,
2.01601E-2,8.3813E-2,-4.7625E-3,
2.01851E-2,1.03813E-1,-7.625E-4,
2.02101E-2,8.3813E-2,-5.5625E-3,
2.02351E-2,9.9813E-2,3.75E-5,
2.02601E-2,8.3813E-2,-4.7625E-3,
2.02851E-2,9.9813E-2,-7.625E-4,
2.03102E-2,8.3813E-2,-4.7625E-3,
2.03352E-2,9.9813E-2,-7.625E-4,
2.03602E-2,8.3813E-2,-4.7625E-3,
2.03852E-2,9.9813E-2,8.375E-4,
2.04102E-2,8.3813E-2,-4.7625E-3,
2.04352E-2,9.9813E-2,3.75E-5,
2.04602E-2,8.3813E-2,-3.9625E-3,
2.04852E-2,9.9813E-2,8.375E-4,
2.05103E-2,7.9813E-2,-3.9625E-3,
2.05353E-2,9.9813E-2,8.375E-4,
2.05603E-2,7.9813E-2,-3.9625E-3,
2.05853E-2,9.5813E-2,1.6375E-3,
2.06103E-2,7.9813E-2,-3.9625E-3,
2.06353E-2,9.5813E-2,8.375E-4,
2.06603E-2,7.5813E-2,-3.9625E-3,
2.06853E-2,9.1813E-2,8.375E-4,
2.07104E-2,7.5813E-2,-4.7625E-3,
2.07354E-2,9.1813E-2,8.375E-4,
2.07604E-2,7.5813E-2,-3.9625E-3,
2.07854E-2,9.5813E-2,8.375E-4,
2.08104E-2,7.5813E-2,-3.9625E-3,
2.08354E-2,9.1813E-2,8.375E-4,
2.08604E-2,7.5813E-2,-3.1625E-3,
2.08854E-2,9.1813E-2,8.375E-4,
2.09105E-2,7.5813E-2,-3.1625E-3,
2.09355E-2,9.1813E-2,1.6375E-3,
2.09605E-2,7.1813E-2,-3.1625E-3,
2.09855E-2,9.1813E-2,1.6375E-3,
2.10105E-2,7.1813E-2,-3.9625E-3,
2.10355E-2,8.7813E-2,1.6375E-3,
2.10605E-2,7.1813E-2,-3.1625E-3,
2.10855E-2,8.7813E-2,1.6375E-3,
2.11106E-2,7.1813E-2,-2.3625E-3,
2.11356E-2,9.1813E-2,1.6375E-3,
2.11606E-2,7.1813E-2,-2.3625E-3,
2.11856E-2,8.7813E-2,2.4375E-3,
2.12106E-2,6.7813E-2,-3.1625E-3,
2.12356E-2,8.7813E-2,1.6375E-3,
2.12606E-2,6.7813E-2,-2.3625E-3,
2.12856E-2,8.7813E-2,1.6375E-3,
2.13107E-2,6.7813E-2,-2.3625E-3,
2.13357E-2,8.3813E-2,2.4375E-3,
2.13607E-2,6.7813E-2,-2.3625E-3,
2.13857E-2,8.3813E-2,2.4375E-3,
2.14107E-2,6.7813E-2,-2.3625E-3,
2.14357E-2,8.3813E-2,2.4375E-3,
2.14607E-2,6.7813E-2,-2.3625E-3,
2.14857E-2,8.3813E-2,2.4375E-3,
2.15108E-2,6.7813E-2,-2.3625E-3,
2.15358E-2,8.3813E-2,2.4375E-3,
2.15608E-2,6.3813E-2,-2.3625E-3,
2.15858E-2,8.3813E-2,2.4375E-3,
2.16108E-2,6.3813E-2,-1.5625E-3,
2.16358E-2,7.9813E-2,3.2375E-3,
2.16608E-2,5.9813E-2,-1.5625E-3,
2.16858E-2,7.9813E-2,3.2375E-3,
2.17109E-2,5.9813E-2,-1.5625E-3,
2.17359E-2,7.9813E-2,3.2375E-3,
2.17609E-2,5.9813E-2,-1.5625E-3,
2.17859E-2,7.9813E-2,3.2375E-3,
2.18109E-2,5.9813E-2,-1.5625E-3,
2.18359E-2,7.5813E-2,3.2375E-3,
2.18609E-2,5.9813E-2,-1.5625E-3,
2.18859E-2,7.5813E-2,4.0375E-3,
2.1911E-2,5.5813E-2,-1.5625E-3,
2.1936E-2,7.5813E-2,4.0375E-3,
2.1961E-2,5.9813E-2,-7.625E-4,
2.1986E-2,7.5813E-2,3.2375E-3,
2.2011E-2,5.5813E-2,-7.625E-4,
2.2036E-2,7.5813E-2,4.0375E-3,
2.2061E-2,5.9813E-2,-7.625E-4,
2.2086E-2,7.5813E-2,4.8375E-3,
2.21111E-2,5.9813E-2,-1.5625E-3,
2.21361E-2,7.5813E-2,4.8375E-3,
2.21611E-2,5.9813E-2,-7.625E-4,
2.21861E-2,7.5813E-2,4.0375E-3,
2.22111E-2,5.9813E-2,3.75E-5,
2.22361E-2,7.5813E-2,4.8375E-3,
2.22611E-2,5.9813E-2,-7.625E-4,
2.22861E-2,7.9813E-2,4.8375E-3,
2.23112E-2,6.3813E-2,3.75E-5,
2.23362E-2,8.3813E-2,4.8375E-3,
2.23612E-2,6.7813E-2,-7.625E-4,
2.23862E-2,8.3813E-2,4.8375E-3,
2.24112E-2,6.3813E-2,3.75E-5,
2.24362E-2,8.3813E-2,4.8375E-3,
2.24612E-2,6.3813E-2,3.75E-5,
2.24862E-2,8.3813E-2,4.8375E-3,
2.25113E-2,6.3813E-2,8.375E-4,
2.25363E-2,8.3813E-2,5.6375E-3,
2.25613E-2,6.3813E-2,3.75E-5,
2.25863E-2,8.3813E-2,5.6375E-3,
2.26113E-2,5.9813E-2,8.375E-4,
2.26363E-2,7.9813E-2,5.6375E-3,
2.26613E-2,6.3813E-2,8.375E-4,
2.26863E-2,7.9813E-2,6.4375E-3,
2.27114E-2,5.9813E-2,8.375E-4,
2.27364E-2,7.5813E-2,5.6375E-3,
2.27614E-2,5.9813E-2,8.375E-4,
2.27864E-2,7.5813E-2,5.6375E-3,
2.28114E-2,5.5813E-2,1.6375E-3,
2.28364E-2,7.1813E-2,6.4375E-3,
2.28614E-2,5.1813E-2,1.6375E-3,
2.28864E-2,6.7813E-2,6.4375E-3,
2.29115E-2,5.1813E-2,1.6375E-3,
2.29365E-2,6.7813E-2,6.4375E-3,
2.29615E-2,4.3813E-2,1.6375E-3,
2.29865E-2,6.3813E-2,6.4375E-3,
2.30115E-2,3.9813E-2,1.6375E-3,
2.30365E-2,5.5813E-2,6.4375E-3,
2.30615E-2,3.1813E-2,8.375E-4,
2.30865E-2,5.1813E-2,5.6375E-3,
2.31116E-2,2.7813E-2,1.6375E-3,
2.31366E-2,4.3813E-2,7.2375E-3,
2.31616E-2,1.9813E-2,1.6375E-3,
2.31866E-2,3.9813E-2,7.2375E-3,
2.32116E-2,1.1813E-2,1.6375E-3,
2.32366E-2,3.1813E-2,6.4375E-3,
2.32616E-2,-1.87E-4,2.4375E-3,
2.32866E-2,2.3813E-2,6.4375E-3,
2.33117E-2,-8.187E-3,2.4375E-3,
2.33367E-2,1.1813E-2,7.2375E-3,
2.33617E-2,-1.6187E-2,2.4375E-3,
2.33867E-2,3.813E-3,7.2375E-3,
2.34117E-2,-2.4187E-2,2.4375E-3,
2.34367E-2,-4.187E-3,8.0375E-3,
2.34617E-2,-3.6187E-2,2.4375E-3,
2.34867E-2,-1.2187E-2,7.2375E-3,
2.35118E-2,-4.4187E-2,3.2375E-3,
2.35368E-2,-2.0187E-2,7.2375E-3,
2.35618E-2,-5.2187E-2,1.6375E-3,
2.35868E-2,-2.8187E-2,7.2375E-3,
2.36118E-2,-6.0187E-2,2.4375E-3,
2.36368E-2,-3.6187E-2,7.2375E-3,
2.36618E-2,-7.2187E-2,2.4375E-3,
2.36868E-2,-4.8187E-2,8.0375E-3,
2.37119E-2,-8.4187E-2,3.2375E-3,
2.37369E-2,-5.6187E-2,8.8375E-3,
2.37619E-2,-9.6187E-2,3.2375E-3,
2.37869E-2,-7.2187E-2,8.0375E-3,
2.38119E-2,-1.08187E-1,3.2375E-3,
2.38369E-2,-8.4187E-2,8.8375E-3,
2.38619E-2,-1.20187E-1,3.2375E-3,
2.38869E-2,-9.6187E-2,8.0375E-3,
2.3912E-2,-1.28187E-1,4.0375E-3,
2.3937E-2,-1.08187E-1,8.0375E-3,
2.3962E-2,-1.36187E-1,3.2375E-3,
2.3987E-2,-1.16187E-1,8.8375E-3,
2.4012E-2,-1.44187E-1,4.0375E-3,
2.4037E-2,-1.24187E-1,8.0375E-3,
2.4062E-2,-1.52187E-1,4.0375E-3,
2.4087E-2,-1.32187E-1,8.8375E-3,
2.41121E-2,-1.60187E-1,3.2375E-3,
2.41371E-2,-1.40187E-1,8.8375E-3,
2.41621E-2,-1.68187E-1,3.2375E-3,
2.41871E-2,-1.48187E-1,8.8375E-3,
2.42121E-2,-1.76187E-1,4.0375E-3,
2.42371E-2,-1.56187E-1,8.8375E-3,
2.42621E-2,-1.80187E-1,3.2375E-3,
2.42871E-2,-1.60187E-1,8.8375E-3,
2.43122E-2,-1.88187E-1,4.8375E-3,
2.43372E-2,-1.68187E-1,8.8375E-3,
2.43622E-2,-1.92187E-1,4.0375E-3,
2.43872E-2,-1.76187E-1,9.6375E-3,
2.44122E-2,-2.00187E-1,4.8375E-3,
2.44372E-2,-1.80187E-1,9.6375E-3,
2.44622E-2,-2.00187E-1,5.6375E-3,
2.44872E-2,-1.80187E-1,9.6375E-3,
2.45123E-2,-2.04187E-1,4.0375E-3,
2.45373E-2,-1.88187E-1,8.8375E-3,
2.45623E-2,-2.04187E-1,4.8375E-3,
2.45873E-2,-1.88187E-1,9.6375E-3,
2.46123E-2,-2.04187E-1,4.8375E-3,
2.46373E-2,-1.92187E-1,1.04375E-2,
2.46623E-2,-2.08187E-1,4.0375E-3,
2.46873E-2,-1.92187E-1,9.6375E-3,
2.47124E-2,-2.12187E-1,4.8375E-3,
2.47374E-2,-1.96187E-1,9.6375E-3,
2.47624E-2,-2.08187E-1,4.8375E-3,
2.47874E-2,-1.92187E-1,1.04375E-2,
2.48124E-2,-2.08187E-1,4.8375E-3,
2.48374E-2,-1.88187E-1,9.6375E-3,
2.48624E-2,-2.00187E-1,4.8375E-3,
2.48874E-2,-1.84187E-1,9.6375E-3,
2.49125E-2,-2.00187E-1,5.6375E-3,
2.49375E-2,-1.80187E-1,1.12375E-2,
2.49625E-2,-1.96187E-1,5.6375E-3,
2.49875E-2,-1.80187E-1,9.6375E-3,
2.50125E-2,-1.92187E-1,6.4375E-3,
2.50375E-2,-1.72187E-1,1.04375E-2,
2.50625E-2,-1.88187E-1,5.6375E-3,
2.50875E-2,-1.68187E-1,9.6375E-3,
2.51126E-2,-1.84187E-1,6.4375E-3,
2.51376E-2,-1.64187E-1,1.04375E-2,
2.51626E-2,-1.80187E-1,5.6375E-3,
2.51876E-2,-1.56187E-1,1.04375E-2,
2.52126E-2,-1.72187E-1,6.4375E-3,
2.52376E-2,-1.52187E-1,1.12375E-2,
2.52626E-2,-1.64187E-1,5.6375E-3,
2.52876E-2,-1.40187E-1,1.04375E-2,
2.53127E-2,-1.56187E-1,6.4375E-3,
2.53377E-2,-1.36187E-1,1.04375E-2,
2.53627E-2,-1.48187E-1,6.4375E-3,
2.53877E-2,-1.28187E-1,1.20375E-2,
2.54127E-2,-1.40187E-1,5.6375E-3,
2.54377E-2,-1.20187E-1,1.12375E-2,
2.54627E-2,-1.36187E-1,6.4375E-3,
2.54877E-2,-1.12187E-1,1.12375E-2,
2.55128E-2,-1.28187E-1,6.4375E-3,
2.55378E-2,-1.08187E-1,1.12375E-2,
2.55628E-2,-1.24187E-1,7.2375E-3,
2.55878E-2,-1.04187E-1,1.12375E-2,
2.56128E-2,-1.16187E-1,7.2375E-3,
2.56378E-2,-9.6187E-2,1.20375E-2,
2.56628E-2,-1.08187E-1,7.2375E-3,
2.56878E-2,-8.4187E-2,1.28375E-2,
2.57129E-2,-9.6187E-2,6.4375E-3,
2.57379E-2,-7.2187E-2,1.12375E-2,
2.57629E-2,-8.4187E-2,7.2375E-3,
2.57879E-2,-6.4187E-2,1.20375E-2,
2.58129E-2,-7.6187E-2,7.2375E-3,
2.58379E-2,-5.2187E-2,1.12375E-2,
2.58629E-2,-6.4187E-2,7.2375E-3,
2.58879E-2,-4.0187E-2,1.28375E-2,
2.5913E-2,-5.2187E-2,8.0375E-3,
2.5938E-2,-2.8187E-2,1.20375E-2,
2.5963E-2,-4.8187E-2,7.2375E-3,
2.5988E-2,-2.4187E-2,1.20375E-2,
2.6013E-2,-4.0187E-2,8.0375E-3,
2.6038E-2,-1.6187E-2,1.20375E-2,
2.6063E-2,-3.2187E-2,8.0375E-3,
2.6088E-2,-8.187E-3,1.28375E-2,
2.61131E-2,-2.4187E-2,7.2375E-3,
2.61381E-2,-1.87E-4,1.20375E-2,
2.61631E-2,-1.6187E-2,8.0375E-3,
2.61881E-2,7.813E-3,1.28375E-2,
2.62131E-2,-4.187E-3,7.2375E-3,
2.62381E-2,1.5813E-2,1.28375E-2,
2.62631E-2,3.813E-3,8.0375E-3,
2.62881E-2,1.9813E-2,1.20375E-2,
2.63132E-2,7.813E-3,8.0375E-3,
2.63382E-2,2.7813E-2,1.20375E-2,
2.63632E-2,1.1813E-2,8.0375E-3,
2.63882E-2,3.5813E-2,1.36375E-2,
2.64132E-2,2.3813E-2,8.8375E-3,
2.64382E-2,4.7813E-2,1.20375E-2,
2.64632E-2,3.5813E-2,8.0375E-3,
2.64882E-2,5.5813E-2,1.28375E-2,
2.65133E-2,4.3813E-2,8.0375E-3,
2.65383E-2,6.3813E-2,1.20375E-2,
2.65633E-2,5.1813E-2,8.8375E-3,
2.65883E-2,7.1813E-2,1.36375E-2,
2.66133E-2,5.5813E-2,8.8375E-3,
2.66383E-2,7.5813E-2,1.36375E-2,
2.66633E-2,6.3813E-2,8.8375E-3,
2.66883E-2,8.7813E-2,1.36375E-2,
2.67134E-2,7.1813E-2,8.8375E-3,
2.67384E-2,9.1813E-2,1.28375E-2,
2.67634E-2,7.9813E-2,8.8375E-3,
2.67884E-2,9.5813E-2,1.36375E-2,
2.68134E-2,8.3813E-2,8.8375E-3,
2.68384E-2,1.03813E-1,1.36375E-2,
2.68634E-2,8.7813E-2,8.8375E-3,
2.68884E-2,1.07813E-1,1.36375E-2,
2.69135E-2,9.1813E-2,8.8375E-3,
2.69385E-2,1.11813E-1,1.36375E-2,
2.69635E-2,9.5813E-2,8.8375E-3,
2.69885E-2,1.11813E-1,1.36375E-2,
2.70135E-2,9.5813E-2,8.0375E-3,
2.70385E-2,1.11813E-1,1.36375E-2,
2.70635E-2,9.5813E-2,8.8375E-3,
2.70885E-2,1.15813E-1,1.44375E-2,
2.71136E-2,9.5813E-2,8.8375E-3,
2.71386E-2,1.15813E-1,1.36375E-2,
2.71636E-2,9.9813E-2,9.6375E-3,
2.71886E-2,1.19813E-1,1.36375E-2,
2.72136E-2,1.03813E-1,9.6375E-3,
2.72386E-2,1.19813E-1,1.36375E-2,
2.72636E-2,1.07813E-1,8.8375E-3,
2.72886E-2,1.23813E-1,1.44375E-2,
2.73137E-2,1.07813E-1,9.6375E-3,
2.73387E-2,1.27813E-1,1.44375E-2,
2.73637E-2,1.11813E-1,8.8375E-3,
2.73887E-2,1.27813E-1,1.36375E-2,
2.74137E-2,1.15813E-1,8.8375E-3,
2.74387E-2,1.31813E-1,1.36375E-2,
2.74637E-2,1.15813E-1,1.04375E-2,
2.74887E-2,1.31813E-1,1.36375E-2,
2.75138E-2,1.19813E-1,9.6375E-3,
2.75388E-2,1.39813E-1,1.52375E-2,
2.75638E-2,1.19813E-1,9.6375E-3,
2.75888E-2,1.39813E-1,1.44375E-2,
2.76138E-2,1.27813E-1,1.04375E-2,
2.76388E-2,1.43813E-1,1.44375E-2,
2.76638E-2,1.27813E-1,1.04375E-2,
2.76888E-2,1.43813E-1,1.44375E-2,
2.77139E-2,1.23813E-1,9.6375E-3,
2.77389E-2,1.43813E-1,1.44375E-2,
2.77639E-2,1.23813E-1,9.6375E-3,
2.77889E-2,1.39813E-1,1.44375E-2,
2.78139E-2,1.23813E-1,9.6375E-3,
2.78389E-2,1.43813E-1,1.44375E-2,
2.78639E-2,1.27813E-1,8.8375E-3,
2.78889E-2,1.47813E-1,1.44375E-2,
2.7914E-2,1.35813E-1,9.6375E-3,
2.7939E-2,1.55813E-1,1.52375E-2,
2.7964E-2,1.43813E-1,1.04375E-2,
2.7989E-2,1.63813E-1,1.44375E-2,
2.8014E-2,1.47813E-1,1.04375E-2,
2.8039E-2,1.63813E-1,1.44375E-2,
2.8064E-2,1.51813E-1,1.04375E-2,
2.8089E-2,1.67813E-1,1.44375E-2,
2.81141E-2,1.51813E-1,9.6375E-3,
2.81391E-2,1.67813E-1,1.52375E-2,
2.81641E-2,1.51813E-1,9.6375E-3,
2.81891E-2,1.67813E-1,1.44375E-2,
2.82141E-2,1.51813E-1,1.04375E-2,
2.82391E-2,1.63813E-1,1.52375E-2,
2.82641E-2,1.47813E-1,9.6375E-3,
2.82891E-2,1.67813E-1,1.52375E-2,
2.83142E-2,1.51813E-1,1.04375E-2,
2.83392E-2,1.67813E-1,1.44375E-2,
2.83642E-2,1.51813E-1,1.04375E-2,
2.83892E-2,1.67813E-1,1.44375E-2,
2.84142E-2,1.55813E-1,1.12375E-2,
2.84392E-2,1.71813E-1,1.60375E-2,
2.84642E-2,1.51813E-1,1.04375E-2,
2.84892E-2,1.67813E-1,1.52375E-2,
2.85143E-2,1.51813E-1,1.04375E-2,
2.85393E-2,1.71813E-1,1.60375E-2,
2.85643E-2,1.51813E-1,1.04375E-2,
2.85893E-2,1.67813E-1,1.52375E-2,
2.86143E-2,1.51813E-1,1.04375E-2,
2.86393E-2,1.67813E-1,1.60375E-2,
2.86643E-2,1.51813E-1,1.12375E-2,
2.86893E-2,1.67813E-1,1.60375E-2,
2.87144E-2,1.55813E-1,1.04375E-2,
2.87394E-2,1.71813E-1,1.60375E-2,
2.87644E-2,1.55813E-1,1.04375E-2,
2.87894E-2,1.75813E-1,1.60375E-2,
2.88144E-2,1.59813E-1,1.04375E-2,
2.88394E-2,1.75813E-1,1.52375E-2,
2.88644E-2,1.59813E-1,1.04375E-2,
2.88894E-2,1.75813E-1,1.60375E-2,
2.89145E-2,1.59813E-1,1.04375E-2,
2.89395E-2,1.75813E-1,1.52375E-2,
2.89645E-2,1.63813E-1,1.04375E-2,
2.89895E-2,1.79813E-1,1.52375E-2,
2.90145E-2,1.63813E-1,1.04375E-2,
2.90395E-2,1.79813E-1,1.60375E-2,
2.90645E-2,1.67813E-1,1.04375E-2,
2.90895E-2,1.83813E-1,1.60375E-2,
2.91146E-2,1.67813E-1,1.04375E-2,
2.91396E-2,1.83813E-1,1.60375E-2,
2.91646E-2,1.67813E-1,1.12375E-2,
2.91896E-2,1.83813E-1,1.60375E-2,
2.92146E-2,1.71813E-1,1.04375E-2,
2.92396E-2,1.87813E-1,1.60375E-2,
2.92646E-2,1.75813E-1,1.04375E-2,
2.92896E-2,1.91813E-1,1.68375E-2,
2.93147E-2,1.79813E-1,1.12375E-2,
2.93397E-2,1.99813E-1,1.52375E-2,
2.93647E-2,1.83813E-1,1.12375E-2,
2.93897E-2,1.99813E-1,1.60375E-2,
2.94147E-2,1.87813E-1,1.04375E-2,
2.94397E-2,2.03813E-1,1.52375E-2,
2.94647E-2,1.91813E-1,1.04375E-2,
2.94897E-2,2.07813E-1,1.60375E-2,
2.95148E-2,1.91813E-1,1.12375E-2,
2.95398E-2,2.07813E-1,1.60375E-2,
2.95648E-2,1.95813E-1,1.20375E-2,
2.95898E-2,2.15813E-1,1.60375E-2,
2.96148E-2,1.99813E-1,1.12375E-2,
2.96398E-2,2.15813E-1,1.52375E-2,
2.96648E-2,1.99813E-1,1.12375E-2,
2.96898E-2,2.15813E-1,1.60375E-2,
2.97149E-2,1.99813E-1,1.04375E-2,
2.97399E-2,2.19813E-1,1.52375E-2,
2.97649E-2,2.03813E-1,1.12375E-2,
2.97899E-2,2.19813E-1,1.60375E-2,
2.98149E-2,2.03813E-1,1.12375E-2,
2.98399E-2,2.19813E-1,1.68375E-2,
2.98649E-2,2.03813E-1,1.12375E-2,
2.98899E-2,2.19813E-1,1.60375E-2,
2.9915E-2,2.03813E-1,1.12375E-2,
2.994E-2,2.19813E-1,1.60375E-2,
2.9965E-2,2.07813E-1,1.04375E-2,
2.999E-2,2.23813E-1,1.60375E-2,
3.0015E-2,2.07813E-1,1.04375E-2,
3.004E-2,2.23813E-1,1.60375E-2,
3.0065E-2,2.03813E-1,1.12375E-2,
3.009E-2,2.23813E-1,1.60375E-2,
3.01151E-2,1.95813E-1,1.12375E-2,
3.01401E-2,2.15813E-1,1.68375E-2,
3.01651E-2,1.91813E-1,1.12375E-2,
3.01901E-2,2.11813E-1,1.68375E-2,
3.02151E-2,1.91813E-1,1.12375E-2,
3.02401E-2,2.07813E-1,1.60375E-2,
3.02651E-2,1.87813E-1,1.12375E-2,
3.02901E-2,2.07813E-1,1.60375E-2,
3.03152E-2,1.91813E-1,1.04375E-2,
3.03402E-2,2.07813E-1,1.60375E-2,
3.03652E-2,1.91813E-1,1.04375E-2,
3.03902E-2,2.07813E-1,1.76375E-2,
3.04152E-2,1.91813E-1,1.12375E-2,
3.04402E-2,2.07813E-1,1.68375E-2,
3.04652E-2,1.91813E-1,1.12375E-2,
3.04902E-2,2.11813E-1,1.68375E-2,
3.05153E-2,1.87813E-1,1.04375E-2,
3.05403E-2,2.07813E-1,1.60375E-2,
3.05653E-2,1.87813E-1,1.12375E-2,
3.05903E-2,2.07813E-1,1.60375E-2,
3.06153E-2,1.87813E-1,1.12375E-2,
3.06403E-2,2.07813E-1,1.52375E-2,
3.06653E-2,1.87813E-1,1.12375E-2,
3.06903E-2,2.03813E-1,1.60375E-2,
3.07154E-2,1.87813E-1,1.04375E-2,
3.07404E-2,2.03813E-1,1.60375E-2,
3.07654E-2,1.87813E-1,1.04375E-2,
3.07904E-2,2.03813E-1,1.60375E-2,
3.08154E-2,1.87813E-1,1.12375E-2,
3.08404E-2,2.03813E-1,1.68375E-2,
3.08654E-2,1.87813E-1,1.04375E-2,
3.08904E-2,2.03813E-1,1.68375E-2,
3.09155E-2,1.83813E-1,1.12375E-2,
3.09405E-2,1.99813E-1,1.60375E-2,
3.09655E-2,1.79813E-1,1.04375E-2,
3.09905E-2,1.99813E-1,1.52375E-2,
3.10155E-2,1.79813E-1,1.12375E-2,
3.10405E-2,1.95813E-1,1.68375E-2,
3.10655E-2,1.79813E-1,1.04375E-2,
3.10905E-2,1.95813E-1,1.60375E-2,
3.11156E-2,1.83813E-1,1.12375E-2,
3.11406E-2,1.99813E-1,1.60375E-2,
3.11656E-2,1.79813E-1,1.04375E-2,
3.11906E-2,1.99813E-1,1.60375E-2,
3.12156E-2,1.75813E-1,1.12375E-2,
3.12406E-2,1.95813E-1,1.52375E-2,
3.12656E-2,1.75813E-1,1.12375E-2,
3.12906E-2,1.91813E-1,1.60375E-2,
3.13157E-2,1.75813E-1,1.12375E-2,
3.13407E-2,1.91813E-1,1.60375E-2,
3.13657E-2,1.75813E-1,1.04375E-2,
3.13907E-2,1.87813E-1,1.68375E-2,
3.14157E-2,1.71813E-1,1.20375E-2,
3.14407E-2,1.87813E-1,1.60375E-2,
3.14657E-2,1.71813E-1,1.12375E-2,
3.14907E-2,1.87813E-1,1.60375E-2,
3.15158E-2,1.75813E-1,1.12375E-2,
3.15408E-2,1.91813E-1,1.60375E-2,
3.15658E-2,1.71813E-1,1.12375E-2,
3.15908E-2,1.87813E-1,1.60375E-2,
3.16158E-2,1.67813E-1,1.12375E-2,
3.16408E-2,1.87813E-1,1.52375E-2,
3.16658E-2,1.67813E-1,1.04375E-2,
3.16908E-2,1.83813E-1,1.60375E-2,
3.17159E-2,1.67813E-1,1.04375E-2,
3.17409E-2,1.83813E-1,1.60375E-2,
3.17659E-2,1.67813E-1,1.04375E-2,
3.17909E-2,1.83813E-1,1.60375E-2,
3.18159E-2,1.67813E-1,1.12375E-2,
3.18409E-2,1.83813E-1,1.52375E-2,
3.18659E-2,1.63813E-1,1.04375E-2,
3.18909E-2,1.79813E-1,1.52375E-2,
3.1916E-2,1.63813E-1,1.12375E-2,
3.1941E-2,1.79813E-1,1.60375E-2,
3.1966E-2,1.63813E-1,1.04375E-2,
3.1991E-2,1.83813E-1,1.52375E-2,
3.2016E-2,1.67813E-1,1.12375E-2,
3.2041E-2,1.83813E-1,1.60375E-2,
3.2066E-2,1.67813E-1,1.12375E-2,
3.2091E-2,1.83813E-1,1.60375E-2,
3.21161E-2,1.67813E-1,1.12375E-2,
3.21411E-2,1.83813E-1,1.52375E-2,
3.21661E-2,1.67813E-1,1.12375E-2,
3.21911E-2,1.83813E-1,1.44375E-2,
3.22161E-2,1.63813E-1,1.12375E-2,
3.22411E-2,1.79813E-1,1.52375E-2,
3.22661E-2,1.59813E-1,1.04375E-2,
3.22911E-2,1.79813E-1,1.60375E-2,
3.23162E-2,1.55813E-1,9.6375E-3,
3.23412E-2,1.75813E-1,1.52375E-2,
3.23662E-2,1.55813E-1,1.04375E-2,
3.23912E-2,1.71813E-1,1.52375E-2,
3.24162E-2,1.51813E-1,1.12375E-2,
3.24412E-2,1.67813E-1,1.60375E-2,
3.24662E-2,1.47813E-1,1.12375E-2,
3.24912E-2,1.63813E-1,1.60375E-2,
3.25163E-2,1.43813E-1,9.6375E-3,
3.25413E-2,1.63813E-1,1.52375E-2,
3.25663E-2,1.43813E-1,1.12375E-2,
3.25913E-2,1.59813E-1,1.60375E-2,
3.26163E-2,1.43813E-1,1.04375E-2,
3.26413E-2,1.59813E-1,1.52375E-2,
3.26663E-2,1.47813E-1,1.04375E-2,
3.26913E-2,1.59813E-1,1.52375E-2,
3.27164E-2,1.43813E-1,1.04375E-2,
3.27414E-2,1.59813E-1,1.60375E-2,
3.27664E-2,1.39813E-1,1.04375E-2,
3.27914E-2,1.59813E-1,1.52375E-2,
3.28164E-2,1.39813E-1,9.6375E-3,
3.28414E-2,1.59813E-1,1.44375E-2,
3.28664E-2,1.39813E-1,9.6375E-3,
3.28914E-2,1.55813E-1,1.52375E-2,
3.29165E-2,1.39813E-1,9.6375E-3,
3.29415E-2,1.55813E-1,1.44375E-2,
3.29665E-2,1.39813E-1,1.04375E-2,
3.29915E-2,1.55813E-1,1.52375E-2,
3.30165E-2,1.39813E-1,1.04375E-2,
3.30415E-2,1.55813E-1,1.44375E-2,
3.30665E-2,1.39813E-1,1.04375E-2,
3.30915E-2,1.55813E-1,1.44375E-2,
3.31166E-2,1.35813E-1,1.04375E-2,
3.31416E-2,1.55813E-1,1.52375E-2,
3.31666E-2,1.39813E-1,1.04375E-2,
3.31916E-2,1.55813E-1,1.44375E-2,
3.32166E-2,1.39813E-1,1.04375E-2,
3.32416E-2,1.55813E-1,1.44375E-2,
3.32666E-2,1.35813E-1,9.6375E-3,
3.32916E-2,1.55813E-1,1.60375E-2,
3.33167E-2,1.35813E-1,1.04375E-2,
3.33417E-2,1.51813E-1,1.52375E-2,
3.33667E-2,1.35813E-1,1.04375E-2,
3.33917E-2,1.51813E-1,1.44375E-2,
3.34167E-2,1.35813E-1,9.6375E-3,
3.34417E-2,1.51813E-1,1.44375E-2,
3.34667E-2,1.31813E-1,9.6375E-3,
3.34917E-2,1.51813E-1,1.44375E-2,
3.35168E-2,1.35813E-1,9.6375E-3,
3.35418E-2,1.51813E-1,1.36375E-2,
3.35668E-2,1.31813E-1,9.6375E-3,
3.35918E-2,1.47813E-1,1.44375E-2,
3.36168E-2,1.27813E-1,1.04375E-2,
3.36418E-2,1.47813E-1,1.44375E-2,
3.36668E-2,1.23813E-1,9.6375E-3,
3.36918E-2,1.43813E-1,1.44375E-2,
3.37169E-2,1.23813E-1,8.8375E-3,
3.37419E-2,1.39813E-1,1.44375E-2,
3.37669E-2,1.23813E-1,9.6375E-3,
3.37919E-2,1.43813E-1,1.44375E-2,
3.38169E-2,1.27813E-1,9.6375E-3,
3.38419E-2,1.43813E-1,1.36375E-2,
3.38669E-2,1.27813E-1,8.8375E-3,
3.38919E-2,1.47813E-1,1.44375E-2,
3.3917E-2,1.31813E-1,9.6375E-3,
3.3942E-2,1.47813E-1,1.44375E-2,
3.3967E-2,1.31813E-1,9.6375E-3,
3.3992E-2,1.47813E-1,1.52375E-2,
3.4017E-2,1.31813E-1,8.8375E-3,
3.4042E-2,1.47813E-1,1.44375E-2,
3.4067E-2,1.31813E-1,8.8375E-3,
3.4092E-2,1.47813E-1,1.44375E-2,
3.41171E-2,1.27813E-1,9.6375E-3,
3.41421E-2,1.47813E-1,1.36375E-2,
3.41671E-2,1.27813E-1,8.0375E-3,
3.41921E-2,1.43813E-1,1.36375E-2,
3.42171E-2,1.27813E-1,8.8375E-3,
3.42421E-2,1.47813E-1,1.36375E-2,
3.42671E-2,1.31813E-1,9.6375E-3,
3.42921E-2,1.47813E-1,1.36375E-2,
3.43172E-2,1.27813E-1,8.8375E-3,
3.43422E-2,1.47813E-1,1.36375E-2,
3.43672E-2,1.35813E-1,8.8375E-3,
3.43922E-2,1.51813E-1,1.28375E-2,
3.44172E-2,1.35813E-1,8.8375E-3,
3.44422E-2,1.51813E-1,1.36375E-2,
3.44672E-2,1.31813E-1,8.8375E-3,
3.44922E-2,1.51813E-1,1.28375E-2,
3.45173E-2,1.31813E-1,8.8375E-3,
3.45423E-2,1.51813E-1,1.36375E-2,
3.45673E-2,1.31813E-1,8.8375E-3,
3.45923E-2,1.47813E-1,1.28375E-2,
3.46173E-2,1.27813E-1,8.8375E-3,
3.46423E-2,1.43813E-1,1.36375E-2,
3.46673E-2,1.27813E-1,8.0375E-3,
3.46923E-2,1.43813E-1,1.36375E-2,
3.47174E-2,1.27813E-1,8.0375E-3,
3.47424E-2,1.43813E-1,1.20375E-2,
3.47674E-2,1.23813E-1,8.0375E-3,
3.47924E-2,1.43813E-1,1.36375E-2,
3.48174E-2,1.23813E-1,7.2375E-3,
3.48424E-2,1.43813E-1,1.28375E-2,
3.48674E-2,1.19813E-1,8.0375E-3,
3.48924E-2,1.35813E-1,1.20375E-2,
3.49175E-2,1.19813E-1,8.8375E-3,
3.49425E-2,1.39813E-1,1.20375E-2,
3.49675E-2,1.19813E-1,8.0375E-3,
3.49925E-2,1.35813E-1,1.20375E-2,
3.50175E-2,1.19813E-1,8.0375E-3,
3.50425E-2,1.35813E-1,1.20375E-2,
3.50675E-2,1.19813E-1,8.0375E-3,
3.50925E-2,1.35813E-1,1.28375E-2,
3.51176E-2,1.15813E-1,8.0375E-3,
3.51426E-2,1.35813E-1,1.20375E-2,
3.51676E-2,1.11813E-1,7.2375E-3,
3.51926E-2,1.31813E-1,1.28375E-2,
3.52176E-2,1.07813E-1,7.2375E-3,
3.52426E-2,1.27813E-1,1.20375E-2,
3.52676E-2,1.07813E-1,7.2375E-3,
3.52926E-2,1.27813E-1,1.20375E-2,
3.53177E-2,1.03813E-1,7.2375E-3,
3.53427E-2,1.23813E-1,1.20375E-2,
3.53677E-2,1.03813E-1,7.2375E-3,
3.53927E-2,1.23813E-1,1.12375E-2,
3.54177E-2,9.9813E-2,8.0375E-3,
3.54427E-2,1.15813E-1,1.20375E-2,
3.54677E-2,9.9813E-2,7.2375E-3,
3.54927E-2,1.19813E-1,1.12375E-2,
3.55178E-2,9.9813E-2,7.2375E-3,
3.55428E-2,1.15813E-1,1.20375E-2,
3.55678E-2,9.5813E-2,7.2375E-3,
3.55928E-2,1.11813E-1,1.12375E-2,
3.56178E-2,9.5813E-2,7.2375E-3,
3.56428E-2,1.11813E-1,1.20375E-2,
3.56678E-2,9.5813E-2,8.0375E-3,
3.56928E-2,1.11813E-1,1.20375E-2,
3.57179E-2,9.5813E-2,6.4375E-3,
3.57429E-2,1.11813E-1,1.12375E-2,
3.57679E-2,9.1813E-2,7.2375E-3,
3.57929E-2,1.11813E-1,1.12375E-2,
3.58179E-2,9.5813E-2,7.2375E-3,
3.58429E-2,1.15813E-1,1.20375E-2,
3.58679E-2,9.9813E-2,6.4375E-3,
3.58929E-2,1.19813E-1,1.12375E-2,
3.5918E-2,1.03813E-1,6.4375E-3,
3.5943E-2,1.19813E-1,1.12375E-2,
3.5968E-2,1.03813E-1,7.2375E-3,
3.5993E-2,1.19813E-1,1.12375E-2,
3.6018E-2,1.03813E-1,7.2375E-3,
3.6043E-2,1.19813E-1,1.20375E-2,
3.6068E-2,9.9813E-2,5.6375E-3,
3.6093E-2,1.19813E-1,1.04375E-2,
3.61181E-2,1.03813E-1,5.6375E-3,
3.61431E-2,1.19813E-1,1.04375E-2,
3.61681E-2,1.03813E-1,6.4375E-3,
3.61931E-2,1.23813E-1,1.04375E-2,
3.62181E-2,1.07813E-1,6.4375E-3,
3.62431E-2,1.23813E-1,1.04375E-2,
3.62681E-2,1.03813E-1,5.6375E-3,
3.62931E-2,1.23813E-1,1.04375E-2,
3.63182E-2,1.03813E-1,5.6375E-3,
3.63432E-2,1.23813E-1,1.04375E-2,
3.63682E-2,1.07813E-1,5.6375E-3,
3.63932E-2,1.23813E-1,9.6375E-3,
3.64182E-2,1.11813E-1,5.6375E-3,
3.64432E-2,1.23813E-1,1.04375E-2,
3.64682E-2,1.07813E-1,5.6375E-3,
3.64932E-2,1.23813E-1,9.6375E-3,
3.65183E-2,1.07813E-1,5.6375E-3,
3.65433E-2,1.23813E-1,1.04375E-2,
3.65683E-2,1.03813E-1,4.8375E-3,
3.65933E-2,1.23813E-1,1.04375E-2,
3.66183E-2,9.9813E-2,5.6375E-3,
3.66433E-2,1.19813E-1,1.04375E-2,
3.66683E-2,9.9813E-2,4.8375E-3,
3.66933E-2,1.15813E-1,9.6375E-3,
3.67184E-2,9.9813E-2,4.8375E-3,
3.67434E-2,1.15813E-1,9.6375E-3,
3.67684E-2,9.9813E-2,5.6375E-3,
3.67934E-2,1.15813E-1,9.6375E-3,
3.68184E-2,9.5813E-2,4.8375E-3,
3.68434E-2,1.11813E-1,1.04375E-2,
3.68684E-2,9.5813E-2,4.0375E-3,
3.68934E-2,1.15813E-1,1.04375E-2,
3.69185E-2,9.5813E-2,4.0375E-3,
3.69435E-2,1.15813E-1,8.8375E-3,
3.69685E-2,9.1813E-2,4.8375E-3,
3.69935E-2,1.11813E-1,8.8375E-3,
3.70185E-2,8.7813E-2,4.8375E-3,
3.70435E-2,1.07813E-1,8.8375E-3,
3.70685E-2,8.7813E-2,4.0375E-3,
3.70935E-2,1.07813E-1,8.8375E-3,
3.71186E-2,8.7813E-2,4.0375E-3,
3.71436E-2,1.03813E-1,8.8375E-3,
3.71686E-2,8.7813E-2,4.0375E-3,
3.71936E-2,1.07813E-1,8.8375E-3,
3.72186E-2,8.7813E-2,4.0375E-3,
3.72436E-2,1.11813E-1,8.0375E-3,
3.72686E-2,9.1813E-2,4.0375E-3,
3.72936E-2,1.07813E-1,8.8375E-3,
3.73187E-2,8.7813E-2,4.0375E-3,
3.73437E-2,1.07813E-1,8.8375E-3,
3.73687E-2,8.7813E-2,3.2375E-3,
3.73937E-2,1.07813E-1,8.0375E-3,
3.74187E-2,8.7813E-2,3.2375E-3,
3.74437E-2,1.07813E-1,8.0375E-3,
3.74687E-2,8.7813E-2,4.0375E-3,
3.74937E-2,1.03813E-1,8.0375E-3,
3.75188E-2,8.7813E-2,3.2375E-3,
3.75438E-2,1.03813E-1,8.0375E-3,
3.75688E-2,8.3813E-2,3.2375E-3,
3.75938E-2,1.03813E-1,8.0375E-3,
3.76188E-2,8.3813E-2,3.2375E-3,
3.76438E-2,1.03813E-1,8.0375E-3,
3.76688E-2,8.7813E-2,3.2375E-3,
3.76938E-2,1.03813E-1,8.0375E-3,
3.77189E-2,8.7813E-2,1.6375E-3,
3.77439E-2,1.03813E-1,8.0375E-3,
3.77689E-2,8.7813E-2,1.6375E-3,
3.77939E-2,1.07813E-1,8.0375E-3,
3.78189E-2,9.1813E-2,2.4375E-3,
3.78439E-2,1.07813E-1,8.8375E-3,
3.78689E-2,9.1813E-2,1.6375E-3,
3.78939E-2,1.11813E-1,7.2375E-3,
3.7919E-2,9.1813E-2,2.4375E-3,
3.7944E-2,1.11813E-1,7.2375E-3,
3.7969E-2,9.5813E-2,2.4375E-3,
3.7994E-2,1.11813E-1,7.2375E-3,
3.8019E-2,9.5813E-2,2.4375E-3,
3.8044E-2,1.11813E-1,7.2375E-3,
3.8069E-2,9.1813E-2,1.6375E-3,
3.8094E-2,1.11813E-1,6.4375E-3,
3.81191E-2,9.5813E-2,2.4375E-3,
3.81441E-2,1.11813E-1,7.2375E-3,
3.81691E-2,9.5813E-2,1.6375E-3,
3.81941E-2,1.15813E-1,7.2375E-3,
3.82191E-2,9.5813E-2,1.6375E-3,
3.82441E-2,1.15813E-1,7.2375E-3,
3.82691E-2,9.5813E-2,1.6375E-3,
3.82941E-2,1.15813E-1,6.4375E-3,
3.83192E-2,9.5813E-2,1.6375E-3,
3.83442E-2,1.15813E-1,6.4375E-3,
3.83692E-2,9.9813E-2,1.6375E-3,
3.83942E-2,1.19813E-1,6.4375E-3,
3.84192E-2,1.03813E-1,8.375E-4,
3.84442E-2,1.19813E-1,7.2375E-3,
3.84692E-2,1.03813E-1,1.6375E-3,
3.84942E-2,1.19813E-1,6.4375E-3,
3.85193E-2,9.9813E-2,8.375E-4,
3.85443E-2,1.19813E-1,5.6375E-3,
3.85693E-2,1.03813E-1,8.375E-4,
3.85943E-2,1.19813E-1,6.4375E-3,
3.86193E-2,1.03813E-1,8.375E-4,
3.86443E-2,1.19813E-1,5.6375E-3,
3.86693E-2,1.03813E-1,8.375E-4,
3.86943E-2,1.23813E-1,5.6375E-3,
3.87194E-2,1.03813E-1,8.375E-4,
3.87444E-2,1.19813E-1,5.6375E-3,
3.87694E-2,9.9813E-2,3.75E-5,
3.87944E-2,1.19813E-1,5.6375E-3,
3.88194E-2,9.9813E-2,8.375E-4,
3.88444E-2,1.19813E-1,5.6375E-3,
3.88694E-2,9.9813E-2,3.75E-5,
3.88944E-2,1.15813E-1,4.8375E-3,
3.89195E-2,9.5813E-2,3.75E-5,
3.89445E-2,1.15813E-1,4.8375E-3,
3.89695E-2,9.5813E-2,-7.625E-4,
3.89945E-2,1.15813E-1,4.8375E-3,
3.90195E-2,9.9813E-2,3.75E-5,
3.90445E-2,1.15813E-1,5.6375E-3,
3.90695E-2,9.5813E-2,3.75E-5,
3.90945E-2,1.15813E-1,5.6375E-3,
3.91196E-2,9.5813E-2,3.75E-5,
3.91446E-2,1.11813E-1,4.8375E-3,
3.91696E-2,9.5813E-2,-7.625E-4,
3.91946E-2,1.11813E-1,4.8375E-3,
3.92196E-2,9.5813E-2,-7.625E-4,
3.92446E-2,1.11813E-1,4.8375E-3,
3.92696E-2,9.5813E-2,-7.625E-4,
3.92946E-2,1.11813E-1,4.0375E-3,
3.93197E-2,9.5813E-2,-1.5625E-3,
3.93447E-2,1.11813E-1,3.2375E-3,
3.93697E-2,9.1813E-2,-7.625E-4,
3.93947E-2,1.11813E-1,4.0375E-3,
3.94197E-2,9.1813E-2,-1.5625E-3,
3.94447E-2,1.07813E-1,3.2375E-3,
3.94697E-2,8.7813E-2,-7.625E-4,
3.94947E-2,1.07813E-1,4.0375E-3,
3.95198E-2,8.7813E-2,3.75E-5,
3.95448E-2,1.03813E-1,3.2375E-3,
3.95698E-2,8.7813E-2,-7.625E-4,
3.95948E-2,1.03813E-1,3.2375E-3,
3.96198E-2,8.3813E-2,-1.5625E-3,
3.96448E-2,1.03813E-1,2.4375E-3,
3.96698E-2,8.3813E-2,-2.3625E-3,
3.96948E-2,9.9813E-2,4.0375E-3,
3.97199E-2,8.3813E-2,-1.5625E-3,
3.97449E-2,1.03813E-1,4.0375E-3,
3.97699E-2,8.7813E-2,-1.5625E-3,
3.97949E-2,1.03813E-1,2.4375E-3,
3.98199E-2,8.7813E-2,-2.3625E-3,
3.98449E-2,1.03813E-1,3.2375E-3,
3.98699E-2,8.3813E-2,-2.3625E-3,
3.98949E-2,1.03813E-1,3.2375E-3,
3.992E-2,8.7813E-2,-2.3625E-3,
3.9945E-2,1.03813E-1,3.2375E-3,
3.997E-2,8.7813E-2,-2.3625E-3,
3.9995E-2,1.07813E-1,2.4375E-3,
4.002E-2,8.7813E-2,-2.3625E-3,
4.0045E-2,1.07813E-1,2.4375E-3,
4.007E-2,9.1813E-2,-3.1625E-3,
4.0095E-2,1.07813E-1,2.4375E-3,
4.01201E-2,8.7813E-2,-2.3625E-3,
4.01451E-2,1.03813E-1,2.4375E-3,
4.01701E-2,8.3813E-2,-2.3625E-3,
4.01951E-2,9.9813E-2,2.4375E-3,
4.02201E-2,8.3813E-2,-2.3625E-3,
4.02451E-2,9.9813E-2,1.6375E-3,
4.02701E-2,8.3813E-2,-2.3625E-3,
4.02951E-2,9.9813E-2,1.6375E-3,
4.03202E-2,8.3813E-2,-3.1625E-3,
4.03452E-2,9.9813E-2,1.6375E-3,
4.03702E-2,7.9813E-2,-2.3625E-3,
4.03952E-2,9.9813E-2,1.6375E-3,
4.04202E-2,7.9813E-2,-3.1625E-3,
4.04452E-2,9.9813E-2,1.6375E-3,
4.04702E-2,8.3813E-2,-3.1625E-3,
4.04952E-2,9.9813E-2,8.375E-4,
4.05203E-2,8.3813E-2,-3.9625E-3,
4.05453E-2,9.9813E-2,8.375E-4,
4.05703E-2,7.5813E-2,-4.7625E-3,
4.05953E-2,9.5813E-2,8.375E-4,
4.06203E-2,7.5813E-2,-3.9625E-3,
4.06453E-2,9.5813E-2,8.375E-4,
4.06703E-2,7.5813E-2,-3.9625E-3,
4.06953E-2,9.5813E-2,8.375E-4,
4.07204E-2,7.1813E-2,-3.9625E-3,
4.07454E-2,9.1813E-2,8.375E-4,
4.07704E-2,7.1813E-2,-4.7625E-3,
4.07954E-2,9.1813E-2,8.375E-4,
4.08204E-2,7.5813E-2,-3.9625E-3,
4.08454E-2,9.1813E-2,8.375E-4,
4.08704E-2,7.1813E-2,-3.9625E-3,
4.08954E-2,9.1813E-2,3.75E-5,
4.09205E-2,7.1813E-2,-4.7625E-3,
4.09455E-2,9.1813E-2,1.6375E-3,
4.09705E-2,7.5813E-2,-4.7625E-3,
4.09955E-2,9.5813E-2,3.75E-5,
4.10205E-2,7.1813E-2,-5.5625E-3,
4.10455E-2,9.1813E-2,8.375E-4,
4.10705E-2,7.1813E-2,-4.7625E-3,
4.10955E-2,8.7813E-2,3.75E-5,
4.11206E-2,6.3813E-2,-5.5625E-3,
4.11456E-2,8.7813E-2,-7.625E-4,
4.11706E-2,6.3813E-2,-5.5625E-3,
4.11956E-2,8.3813E-2,-7.625E-4,
4.12206E-2,6.3813E-2,-4.7625E-3,
4.12456E-2,8.3813E-2,3.75E-5,
4.12706E-2,6.7813E-2,-4.7625E-3,
4.12956E-2,8.3813E-2,3.75E-5,
4.13207E-2,6.7813E-2,-5.5625E-3,
4.13457E-2,8.3813E-2,-7.625E-4,
4.13707E-2,6.7813E-2,-5.5625E-3,
4.13957E-2,8.7813E-2,-7.625E-4,
4.14207E-2,7.1813E-2,-5.5625E-3,
4.14457E-2,8.7813E-2,-7.625E-4,
4.14707E-2,7.5813E-2,-5.5625E-3,
4.14957E-2,9.1813E-2,-7.625E-4,
4.15208E-2,7.1813E-2,-6.3625E-3,
4.15458E-2,9.1813E-2,-7.625E-4,
4.15708E-2,7.5813E-2,-5.5625E-3,
4.15958E-2,9.1813E-2,-1.5625E-3,
4.16208E-2,7.5813E-2,-6.3625E-3,
4.16458E-2,9.5813E-2,-7.625E-4,
4.16708E-2,8.3813E-2,-5.5625E-3,
4.16958E-2,9.9813E-2,-1.5625E-3,
4.17209E-2,8.7813E-2,-5.5625E-3,
4.17459E-2,1.03813E-1,-1.5625E-3,
4.17709E-2,8.3813E-2,-5.5625E-3,
4.17959E-2,9.9813E-2,-1.5625E-3,
4.18209E-2,7.9813E-2,-6.3625E-3,
4.18459E-2,9.5813E-2,-1.5625E-3,
4.18709E-2,7.9813E-2,-7.1625E-3,
4.18959E-2,9.5813E-2,-2.3625E-3,
4.1921E-2,7.9813E-2,-6.3625E-3,
4.1946E-2,9.5813E-2,-2.3625E-3,
4.1971E-2,7.5813E-2,-7.1625E-3,
4.1996E-2,9.5813E-2,-2.3625E-3,
4.2021E-2,6.7813E-2,-7.9625E-3,
4.2046E-2,9.1813E-2,-1.5625E-3,
4.2071E-2,6.7813E-2,-6.3625E-3,
4.2096E-2,8.7813E-2,-2.3625E-3,
4.21211E-2,6.7813E-2,-7.1625E-3,
4.21461E-2,8.7813E-2,-2.3625E-3,
4.21711E-2,6.3813E-2,-7.1625E-3,
4.21961E-2,8.3813E-2,-3.1625E-3,
4.22211E-2,6.3813E-2,-7.1625E-3,
4.22461E-2,8.3813E-2,-3.1625E-3,
4.22711E-2,6.3813E-2,-7.1625E-3,
4.22961E-2,7.9813E-2,-3.1625E-3,
4.23212E-2,6.3813E-2,-7.1625E-3,
4.23462E-2,7.9813E-2,-3.1625E-3,
4.23712E-2,5.9813E-2,-7.1625E-3,
4.23962E-2,7.9813E-2,-3.1625E-3,
4.24212E-2,5.5813E-2,-7.1625E-3,
4.24462E-2,7.5813E-2,-3.9625E-3,
4.24712E-2,5.5813E-2,-7.9625E-3,
4.24962E-2,7.1813E-2,-3.1625E-3,
4.25213E-2,5.1813E-2,-7.1625E-3,
4.25463E-2,6.7813E-2,-3.1625E-3,
4.25713E-2,4.7813E-2,-8.7625E-3,
4.25963E-2,6.7813E-2,-3.1625E-3,
4.26213E-2,4.3813E-2,-8.7625E-3,
4.26463E-2,5.9813E-2,-3.1625E-3,
4.26713E-2,3.9813E-2,-8.7625E-3,
4.26963E-2,5.5813E-2,-3.9625E-3,
4.27214E-2,3.5813E-2,-7.9625E-3,
4.27464E-2,5.5813E-2,-3.9625E-3,
4.27714E-2,2.7813E-2,-8.7625E-3,
4.27964E-2,4.7813E-2,-4.7625E-3,
4.28214E-2,2.3813E-2,-8.7625E-3,
4.28464E-2,3.9813E-2,-3.9625E-3,
4.28714E-2,1.5813E-2,-9.5625E-3,
4.28964E-2,3.5813E-2,-3.9625E-3,
4.29215E-2,1.5813E-2,-8.7625E-3,
4.29465E-2,3.1813E-2,-3.9625E-3,
4.29715E-2,1.1813E-2,-8.7625E-3,
4.29965E-2,2.7813E-2,-3.9625E-3,
4.30215E-2,3.813E-3,-7.9625E-3,
4.30465E-2,2.3813E-2,-4.7625E-3,
4.30715E-2,-1.87E-4,-8.7625E-3,
4.30965E-2,1.9813E-2,-3.9625E-3,
4.31216E-2,-4.187E-3,-8.7625E-3,
4.31466E-2,1.1813E-2,-4.7625E-3,
4.31716E-2,-1.2187E-2,-8.7625E-3,
4.31966E-2,7.813E-3,-4.7625E-3,
4.32216E-2,-2.0187E-2,-9.5625E-3,
4.32466E-2,3.813E-3,-4.7625E-3,
4.32716E-2,-2.8187E-2,-1.03625E-2,
4.32966E-2,-8.187E-3,-4.7625E-3,
4.33217E-2,-3.6187E-2,-9.5625E-3,
4.33467E-2,-1.6187E-2,-5.5625E-3,
4.33717E-2,-4.8187E-2,-9.5625E-3,
4.33967E-2,-2.4187E-2,-5.5625E-3,
4.34217E-2,-6.0187E-2,-8.7625E-3,
4.34467E-2,-3.6187E-2,-5.5625E-3,
4.34717E-2,-6.4187E-2,-9.5625E-3,
4.34967E-2,-4.4187E-2,-5.5625E-3,
4.35218E-2,-6.8187E-2,-9.5625E-3,
4.35468E-2,-5.2187E-2,-4.7625E-3,
4.35718E-2,-8.0187E-2,-9.5625E-3,
4.35968E-2,-5.6187E-2,-5.5625E-3,
4.36218E-2,-8.8187E-2,-1.03625E-2,
4.36468E-2,-6.8187E-2,-4.7625E-3,
4.36718E-2,-1.00187E-1,-1.03625E-2,
4.36968E-2,-7.6187E-2,-5.5625E-3,
4.37219E-2,-1.12187E-1,-1.03625E-2,
4.37469E-2,-9.2187E-2,-4.7625E-3,
4.37719E-2,-1.20187E-1,-9.5625E-3,
4.37969E-2,-1.00187E-1,-6.3625E-3,
4.38219E-2,-1.28187E-1,-1.11625E-2,
4.38469E-2,-1.08187E-1,-5.5625E-3,
4.38719E-2,-1.36187E-1,-1.19625E-2,
4.38969E-2,-1.12187E-1,-5.5625E-3,
4.3922E-2,-1.40187E-1,-1.11625E-2,
4.3947E-2,-1.24187E-1,-6.3625E-3,
4.3972E-2,-1.48187E-1,-1.11625E-2,
4.3997E-2,-1.28187E-1,-6.3625E-3,
4.4022E-2,-1.56187E-1,-1.11625E-2,
4.4047E-2,-1.36187E-1,-5.5625E-3,
4.4072E-2,-1.68187E-1,-1.11625E-2,
4.4097E-2,-1.44187E-1,-6.3625E-3,
4.41221E-2,-1.76187E-1,-1.11625E-2,
4.41471E-2,-1.52187E-1,-6.3625E-3,
4.41721E-2,-1.80187E-1,-1.11625E-2,
4.41971E-2,-1.64187E-1,-6.3625E-3,
4.42221E-2,-1.88187E-1,-1.11625E-2,
4.42471E-2,-1.68187E-1,-7.1625E-3,
4.42721E-2,-1.96187E-1,-1.11625E-2,
4.42971E-2,-1.76187E-1,-6.3625E-3,
4.43222E-2,-2.00187E-1,-1.11625E-2,
4.43472E-2,-1.80187E-1,-6.3625E-3,
4.43722E-2,-2.04187E-1,-1.11625E-2,
4.43972E-2,-1.88187E-1,-7.1625E-3,
4.44222E-2,-2.04187E-1,-1.19625E-2,
4.44472E-2,-1.88187E-1,-7.1625E-3,
4.44722E-2,-2.08187E-1,-1.19625E-2,
4.44972E-2,-1.88187E-1,-7.1625E-3,
4.45223E-2,-2.12187E-1,-1.11625E-2,
4.45473E-2,-1.96187E-1,-7.1625E-3,
4.45723E-2,-2.20187E-1,-1.27625E-2,
4.45973E-2,-2.00187E-1,-7.1625E-3,
4.46223E-2,-2.24187E-1,-1.19625E-2,
4.46473E-2,-2.04187E-1,-7.9625E-3,
4.46723E-2,-2.28187E-1,-1.27625E-2,
4.46973E-2,-2.08187E-1,-7.1625E-3,
4.47224E-2,-2.28187E-1,-1.19625E-2,
4.47474E-2,-2.16187E-1,-7.1625E-3,
4.47724E-2,-2.32187E-1,-1.19625E-2,
4.47974E-2,-2.12187E-1,-7.9625E-3,
4.48224E-2,-2.28187E-1,-1.27625E-2,
4.48474E-2,-2.12187E-1,-7.9625E-3,
4.48724E-2,-2.28187E-1,-1.27625E-2,
4.48974E-2,-2.08187E-1,-7.1625E-3,
4.49225E-2,-2.24187E-1,-1.35625E-2,
4.49475E-2,-2.08187E-1,-8.7625E-3,
4.49725E-2,-2.28187E-1,-1.35625E-2,
4.49975E-2,-2.08187E-1,-8.7625E-3,
4.50225E-2,-2.28187E-1,-1.19625E-2,
4.50475E-2,-2.08187E-1,-7.9625E-3,
4.50725E-2,-2.24187E-1,-1.27625E-2,
4.50975E-2,-2.08187E-1,-7.9625E-3,
4.51226E-2,-2.24187E-1,-1.35625E-2,
4.51476E-2,-2.04187E-1,-7.9625E-3,
4.51726E-2,-2.20187E-1,-1.35625E-2,
4.51976E-2,-1.96187E-1,-8.7625E-3,
4.52226E-2,-2.12187E-1,-1.35625E-2,
4.52476E-2,-1.92187E-1,-8.7625E-3,
4.52726E-2,-2.04187E-1,-1.27625E-2,
4.52976E-2,-1.84187E-1,-8.7625E-3,
4.53227E-2,-2.00187E-1,-1.43625E-2,
4.53477E-2,-1.76187E-1,-8.7625E-3,
4.53727E-2,-1.88187E-1,-1.35625E-2,
4.53977E-2,-1.64187E-1,-7.9625E-3,
4.54227E-2,-1.80187E-1,-1.35625E-2,
4.54477E-2,-1.52187E-1,-8.7625E-3,
4.54727E-2,-1.68187E-1,-1.43625E-2,
4.54977E-2,-1.40187E-1,-8.7625E-3,
4.55228E-2,-1.56187E-1,-1.35625E-2,
4.55478E-2,-1.32187E-1,-8.7625E-3,
4.55728E-2,-1.44187E-1,-1.35625E-2,
4.55978E-2,-1.20187E-1,-7.9625E-3,
4.56228E-2,-1.32187E-1,-1.35625E-2,
4.56478E-2,-1.12187E-1,-9.5625E-3,
4.56728E-2,-1.20187E-1,-1.35625E-2,
4.56978E-2,-1.00187E-1,-9.5625E-3,
4.57229E-2,-1.16187E-1,-1.35625E-2,
4.57479E-2,-8.8187E-2,-9.5625E-3,
4.57729E-2,-1.00187E-1,-1.43625E-2,
4.57979E-2,-7.6187E-2,-8.7625E-3,
4.58229E-2,-8.8187E-2,-1.43625E-2,
4.58479E-2,-6.4187E-2,-9.5625E-3,
4.58729E-2,-7.6187E-2,-1.43625E-2,
4.58979E-2,-5.2187E-2,-9.5625E-3,
4.5923E-2,-6.8187E-2,-1.43625E-2,
4.5948E-2,-4.0187E-2,-8.7625E-3,
4.5973E-2,-5.6187E-2,-1.51625E-2,
4.5998E-2,-2.8187E-2,-9.5625E-3,
4.6023E-2,-4.0187E-2,-1.43625E-2,
4.6048E-2,-1.2187E-2,-9.5625E-3,
4.6073E-2,-2.4187E-2,-1.43625E-2,
4.6098E-2,3.813E-3,-9.5625E-3,
4.61231E-2,-1.2187E-2,-1.43625E-2,
4.61481E-2,1.1813E-2,-9.5625E-3,
4.61731E-2,-1.87E-4,-1.51625E-2,
4.61981E-2,2.3813E-2,-9.5625E-3,
4.62231E-2,7.813E-3,-1.51625E-2,
4.62481E-2,2.7813E-2,-1.03625E-2,
4.62731E-2,1.5813E-2,-1.51625E-2,
4.62981E-2,3.5813E-2,-1.03625E-2,
4.63232E-2,2.3813E-2,-1.43625E-2,
4.63482E-2,4.3813E-2,-1.11625E-2,
4.63732E-2,2.7813E-2,-1.43625E-2,
4.63982E-2,5.1813E-2,-9.5625E-3,
4.64232E-2,4.3813E-2,-1.43625E-2,
4.64482E-2,5.9813E-2,-1.03625E-2,
4.64732E-2,4.7813E-2,-1.43625E-2,
4.64982E-2,6.7813E-2,-9.5625E-3,
4.65233E-2,5.5813E-2,-1.51625E-2,
4.65483E-2,7.1813E-2,-1.03625E-2,
4.65733E-2,5.9813E-2,-1.43625E-2,
4.65983E-2,7.9813E-2,-1.03625E-2,
4.66233E-2,6.7813E-2,-1.59625E-2,
4.66483E-2,8.7813E-2,-1.03625E-2,
4.66733E-2,7.1813E-2,-1.51625E-2,
4.66983E-2,9.1813E-2,-1.03625E-2,
4.67234E-2,7.9813E-2,-1.59625E-2,
4.67484E-2,9.9813E-2,-1.03625E-2,
4.67734E-2,7.9813E-2,-1.51625E-2,
4.67984E-2,1.03813E-1,-1.11625E-2,
4.68234E-2,8.7813E-2,-1.43625E-2,
4.68484E-2,1.07813E-1,-1.11625E-2,
4.68734E-2,9.1813E-2,-1.51625E-2,
4.68984E-2,1.11813E-1,-1.11625E-2,
4.69235E-2,9.9813E-2,-1.59625E-2,
4.69485E-2,1.15813E-1,-1.11625E-2,
4.69735E-2,1.03813E-1,-1.59625E-2,
4.69985E-2,1.23813E-1,-1.11625E-2,
4.70235E-2,1.07813E-1,-1.59625E-2,
4.70485E-2,1.23813E-1,-1.03625E-2,
4.70735E-2,1.11813E-1,-1.59625E-2,
4.70985E-2,1.31813E-1,-1.11625E-2,
4.71236E-2,1.15813E-1,-1.59625E-2,
4.71486E-2,1.35813E-1,-1.19625E-2,
4.71736E-2,1.19813E-1,-1.59625E-2,
4.71986E-2,1.39813E-1,-1.11625E-2,
4.72236E-2,1.23813E-1,-1.67625E-2,
4.72486E-2,1.43813E-1,-1.11625E-2,
4.72736E-2,1.27813E-1,-1.59625E-2,
4.72986E-2,1.43813E-1,-1.11625E-2,
4.73237E-2,1.27813E-1,-1.59625E-2,
4.73487E-2,1.43813E-1,-1.19625E-2,
4.73737E-2,1.27813E-1,-1.59625E-2,
4.73987E-2,1.47813E-1,-1.19625E-2,
4.74237E-2,1.31813E-1,-1.59625E-2,
4.74487E-2,1.47813E-1,-1.19625E-2,
4.74737E-2,1.31813E-1,-1.67625E-2,
4.74987E-2,1.51813E-1,-1.11625E-2,
4.75238E-2,1.35813E-1,-1.59625E-2,
4.75488E-2,1.51813E-1,-1.19625E-2,
4.75738E-2,1.35813E-1,-1.75625E-2,
4.75988E-2,1.51813E-1,-1.11625E-2,
4.76238E-2,1.39813E-1,-1.67625E-2,
4.76488E-2,1.55813E-1,-1.19625E-2,
4.76738E-2,1.43813E-1,-1.59625E-2,
4.76988E-2,1.59813E-1,-1.19625E-2,
4.77239E-2,1.47813E-1,-1.59625E-2,
4.77489E-2,1.63813E-1,-1.19625E-2,
4.77739E-2,1.47813E-1,-1.59625E-2,
4.77989E-2,1.67813E-1,-1.19625E-2,
4.78239E-2,1.55813E-1,-1.67625E-2,
4.78489E-2,1.71813E-1,-1.27625E-2,
4.78739E-2,1.55813E-1,-1.59625E-2,
4.78989E-2,1.71813E-1,-1.19625E-2,
4.7924E-2,1.55813E-1,-1.67625E-2,
4.7949E-2,1.75813E-1,-1.19625E-2,
4.7974E-2,1.51813E-1,-1.67625E-2,
4.7999E-2,1.71813E-1,-1.19625E-2,
4.8024E-2,1.51813E-1,-1.67625E-2,
4.8049E-2,1.75813E-1,-1.19625E-2,
4.8074E-2,1.55813E-1,-1.67625E-2,
4.8099E-2,1.75813E-1,-1.27625E-2,
4.81241E-2,1.55813E-1,-1.67625E-2,
4.81491E-2,1.75813E-1,-1.27625E-2,
4.81741E-2,1.55813E-1,-1.67625E-2,
4.81991E-2,1.75813E-1,-1.19625E-2,
4.82241E-2,1.51813E-1,-1.67625E-2,
4.82491E-2,1.71813E-1,-1.11625E-2,
4.82741E-2,1.55813E-1,-1.59625E-2,
4.82991E-2,1.71813E-1,-1.19625E-2,
4.83242E-2,1.55813E-1,-1.75625E-2,
4.83492E-2,1.71813E-1,-1.27625E-2,
4.83742E-2,1.55813E-1,-1.75625E-2,
4.83992E-2,1.71813E-1,-1.19625E-2,
4.84242E-2,1.59813E-1,-1.67625E-2,
4.84492E-2,1.75813E-1,-1.27625E-2,
4.84742E-2,1.59813E-1,-1.67625E-2,
4.84992E-2,1.79813E-1,-1.19625E-2,
4.85243E-2,1.59813E-1,-1.67625E-2,
4.85493E-2,1.75813E-1,-1.27625E-2,
4.85743E-2,1.55813E-1,-1.75625E-2,
4.85993E-2,1.75813E-1,-1.27625E-2,
4.86243E-2,1.55813E-1,-1.75625E-2,
4.86493E-2,1.75813E-1,-1.27625E-2,
4.86743E-2,1.55813E-1,-1.67625E-2,
4.86993E-2,1.71813E-1,-1.27625E-2,
4.87244E-2,1.55813E-1,-1.75625E-2,
4.87494E-2,1.71813E-1,-1.27625E-2,
4.87744E-2,1.55813E-1,-1.75625E-2,
4.87994E-2,1.75813E-1,-1.19625E-2,
4.88244E-2,1.59813E-1,-1.75625E-2,
4.88494E-2,1.75813E-1,-1.27625E-2,
4.88744E-2,1.59813E-1,-1.75625E-2,
4.88994E-2,1.75813E-1,-1.27625E-2,
4.89245E-2,1.59813E-1,-1.67625E-2,
4.89495E-2,1.75813E-1,-1.27625E-2,
4.89745E-2,1.55813E-1,-1.75625E-2,
4.89995E-2,1.75813E-1,-1.35625E-2,
4.90245E-2,1.59813E-1,-1.75625E-2,
4.90495E-2,1.75813E-1,-1.27625E-2,
4.90745E-2,1.59813E-1,-1.75625E-2,
4.90995E-2,1.75813E-1,-1.27625E-2,
4.91246E-2,1.59813E-1,-1.75625E-2,
4.91496E-2,1.75813E-1,-1.27625E-2,
4.91746E-2,1.55813E-1,-1.75625E-2,
4.91996E-2,1.71813E-1,-1.35625E-2,
4.92246E-2,1.55813E-1,-1.75625E-2,
4.92496E-2,1.75813E-1,-1.35625E-2,
4.92746E-2,1.55813E-1,-1.75625E-2,
4.92996E-2,1.71813E-1,-1.35625E-2,
4.93247E-2,1.59813E-1,-1.75625E-2,
4.93497E-2,1.75813E-1,-1.27625E-2,
4.93747E-2,1.59813E-1,-1.75625E-2,
4.93997E-2,1.75813E-1,-1.27625E-2,
4.94247E-2,1.55813E-1,-1.75625E-2,
4.94497E-2,1.75813E-1,-1.35625E-2,
4.94747E-2,1.55813E-1,-1.75625E-2,
4.94997E-2,1.71813E-1,-1.27625E-2,
4.95248E-2,1.59813E-1,-1.75625E-2,
4.95498E-2,1.75813E-1,-1.35625E-2,
4.95748E-2,1.55813E-1,-1.83625E-2,
4.95998E-2,1.75813E-1,-1.35625E-2,
4.96248E-2,1.59813E-1,-1.75625E-2,
4.96498E-2,1.75813E-1,-1.27625E-2,
4.96748E-2,1.55813E-1,-1.75625E-2,
4.96998E-2,1.75813E-1,-1.35625E-2,
4.97249E-2,1.55813E-1,-1.75625E-2,
4.97499E-2,1.79813E-1,-1.27625E-2,
4.97749E-2,1.59813E-1,-1.83625E-2,
4.97999E-2,1.79813E-1,-1.27625E-2,
4.98249E-2,1.63813E-1,-1.83625E-2,
4.98499E-2,1.79813E-1,-1.27625E-2,
4.98749E-2,1.59813E-1,-1.75625E-2,
4.98999E-2,1.75813E-1,-1.35625E-2,
4.9925E-2,1.59813E-1,-1.83625E-2,
4.995E-2,1.75813E-1,-1.35625E-2,
4.9975E-2,1.59813E-1,-1.75625E-2,
5.E-2,1.75813E-1,-1.35625E-2,
