Record Length,2.500000e+03,,   0.010331000000,   0.00000,
Sample Interval,1.000000e-07,,   0.010331100000,   0.00040,
Trigger Point,-1.033100000000e+05,,   0.010331200000,  -0.00020,
,,,   0.010331300000,   0.00040,
,,,   0.010331400000,   0.00060,
,,,   0.010331500000,   0.00020,
Source,CH1,,   0.010331600000,   0.00000,
Vertical Units,V,,   0.010331700000,   0.00020,
Vertical Scale,5.000000e-03,,   0.010331800000,  -0.00020,
Vertical Offset,-1.500000e-02,,   0.010331900000,   0.00000,
Horizontal Units,s,,   0.010332000000,   0.00040,
Horizontal Scale,2.500000e-05,,   0.010332100000,   0.00040,
Pt Fmt,Y,,   0.010332200000,   0.00040,
Yzero,0.000000e+00,,   0.010332300000,  -0.00060,
Probe Atten,1.000000e+00,,   0.010332400000,   0.00040,
Firmware Version,FV:v6.08,,   0.010332500000,   0.00080,
,,,0.010332600000,   0.00020,
,,,0.010332700000,  -0.00040,
,,,0.010332800000,  -0.00040,
,,,0.010332900000,   0.00020,
,,,0.010333000000,   0.00040,
,,,0.010333100000,   0.00040,
,,,0.010333200000,   0.00040,
,,,0.010333300000,   0.00080,
,,,0.010333400000,   0.00000,
,,,0.010333500000,   0.00040,
,,,0.010333600000,   0.00000,
,,,0.010333700000,   0.00040,
,,,0.010333800000,   0.00000,
,,,0.010333900000,   0.00060,
,,,0.010334000000,   0.00020,
,,,0.010334100000,  -0.00020,
,,,0.010334200000,   0.00000,
,,,0.010334300000,  -0.00020,
,,,0.010334400000,   0.00000,
,,,0.010334500000,   0.00020,
,,,0.010334600000,  -0.00020,
,,,0.010334700000,   0.00020,
,,,0.010334800000,   0.00000,
,,,0.010334900000,   0.00040,
,,,0.010335000000,  -0.00060,
,,,0.010335100000,   0.00000,
,,,0.010335200000,   0.00040,
,,,0.010335300000,   0.00000,
,,,0.010335400000,   0.00020,
,,,0.010335500000,  -0.00020,
,,,0.010335600000,   0.00000,
,,,0.010335700000,  -0.00020,
,,,0.010335800000,   0.00040,
,,,0.010335900000,   0.00020,
,,,0.010336000000,  -0.00020,
,,,0.010336100000,   0.00080,
,,,0.010336200000,   0.00080,
,,,0.010336300000,   0.00060,
,,,0.010336400000,   0.00020,
,,,0.010336500000,  -0.00040,
,,,0.010336600000,   0.00020,
,,,0.010336700000,   0.00020,
,,,0.010336800000,  -0.00040,
,,,0.010336900000,   0.00040,
,,,0.010337000000,   0.00040,
,,,0.010337100000,   0.00020,
,,,0.010337200000,   0.00040,
,,,0.010337300000,   0.00060,
,,,0.010337400000,   0.00020,
,,,0.010337500000,   0.00020,
,,,0.010337600000,  -0.00020,
,,,0.010337700000,   0.00040,
,,,0.010337800000,  -0.00040,
,,,0.010337900000,   0.00060,
,,,0.010338000000,   0.00060,
,,,0.010338100000,   0.00040,
,,,0.010338200000,  -0.00020,
,,,0.010338300000,   0.00080,
,,,0.010338400000,  -0.00020,
,,,0.010338500000,   0.00100,
,,,0.010338600000,  -0.00020,
,,,0.010338700000,   0.00020,
,,,0.010338800000,  -0.00020,
,,,0.010338900000,   0.00020,
,,,0.010339000000,   0.00020,
,,,0.010339100000,   0.00060,
,,,0.010339200000,   0.00000,
,,,0.010339300000,  -0.00020,
,,,0.010339400000,   0.00020,
,,,0.010339500000,   0.00020,
,,,0.010339600000,   0.00040,
,,,0.010339700000,   0.00040,
,,,0.010339800000,   0.00020,
,,,0.010339900000,  -0.00060,
,,,0.010340000000,  -0.00020,
,,,0.010340100000,   0.00000,
,,,0.010340200000,   0.00020,
,,,0.010340300000,   0.00040,
,,,0.010340400000,   0.00000,
,,,0.010340500000,   0.00080,
,,,0.010340600000,  -0.00020,
,,,0.010340700000,  -0.00020,
,,,0.010340800000,   0.00040,
,,,0.010340900000,   0.00020,
,,,0.010341000000,  -0.00020,
,,,0.010341100000,   0.00000,
,,,0.010341200000,   0.00000,
,,,0.010341300000,   0.00060,
,,,0.010341400000,   0.00020,
,,,0.010341500000,   0.00040,
,,,0.010341600000,   0.00020,
,,,0.010341700000,   0.00040,
,,,0.010341800000,   0.00020,
,,,0.010341900000,   0.00020,
,,,0.010342000000,   0.00000,
,,,0.010342100000,   0.00040,
,,,0.010342200000,   0.00040,
,,,0.010342300000,   0.00040,
,,,0.010342400000,   0.00020,
,,,0.010342500000,   0.00060,
,,,0.010342600000,   0.00020,
,,,0.010342700000,   0.00040,
,,,0.010342800000,   0.00040,
,,,0.010342900000,   0.00000,
,,,0.010343000000,   0.00100,
,,,0.010343100000,  -0.00040,
,,,0.010343200000,   0.00100,
,,,0.010343300000,   0.00060,
,,,0.010343400000,   0.00040,
,,,0.010343500000,   0.00060,
,,,0.010343600000,   0.00020,
,,,0.010343700000,   0.00040,
,,,0.010343800000,  -0.00020,
,,,0.010343900000,   0.00060,
,,,0.010344000000,  -0.00020,
,,,0.010344100000,   0.00020,
,,,0.010344200000,  -0.00020,
,,,0.010344300000,  -0.00040,
,,,0.010344400000,   0.00040,
,,,0.010344500000,   0.00100,
,,,0.010344600000,   0.00060,
,,,0.010344700000,   0.00020,
,,,0.010344800000,  -0.00020,
,,,0.010344900000,  -0.00040,
,,,0.010345000000,   0.00020,
,,,0.010345100000,   0.00100,
,,,0.010345200000,   0.00060,
,,,0.010345300000,   0.00020,
,,,0.010345400000,   0.00020,
,,,0.010345500000,   0.00000,
,,,0.010345600000,  -0.00020,
,,,0.010345700000,  -0.00020,
,,,0.010345800000,   0.00020,
,,,0.010345900000,   0.00040,
,,,0.010346000000,  -0.00020,
,,,0.010346100000,   0.00000,
,,,0.010346200000,   0.00000,
,,,0.010346300000,   0.00020,
,,,0.010346400000,  -0.00020,
,,,0.010346500000,   0.00000,
,,,0.010346600000,   0.00040,
,,,0.010346700000,   0.00000,
,,,0.010346800000,   0.00040,
,,,0.010346900000,  -0.00060,
,,,0.010347000000,   0.00020,
,,,0.010347100000,  -0.00020,
,,,0.010347200000,   0.00040,
,,,0.010347300000,   0.00000,
,,,0.010347400000,  -0.00020,
,,,0.010347500000,   0.00000,
,,,0.010347600000,   0.00060,
,,,0.010347700000,   0.00000,
,,,0.010347800000,   0.00060,
,,,0.010347900000,   0.00020,
,,,0.010348000000,   0.00020,
,,,0.010348100000,   0.00040,
,,,0.010348200000,   0.00000,
,,,0.010348300000,   0.00020,
,,,0.010348400000,   0.00040,
,,,0.010348500000,   0.00080,
,,,0.010348600000,   0.00060,
,,,0.010348700000,   0.00020,
,,,0.010348800000,   0.00080,
,,,0.010348900000,   0.00040,
,,,0.010349000000,   0.00020,
,,,0.010349100000,  -0.00060,
,,,0.010349200000,   0.00020,
,,,0.010349300000,   0.00040,
,,,0.010349400000,   0.00020,
,,,0.010349500000,   0.00040,
,,,0.010349600000,   0.00000,
,,,0.010349700000,   0.00060,
,,,0.010349800000,  -0.00040,
,,,0.010349900000,   0.00000,
,,,0.010350000000,   0.00020,
,,,0.010350100000,   0.00060,
,,,0.010350200000,  -0.00020,
,,,0.010350300000,   0.00020,
,,,0.010350400000,   0.00060,
,,,0.010350500000,   0.00020,
,,,0.010350600000,   0.00000,
,,,0.010350700000,   0.00060,
,,,0.010350800000,   0.00020,
,,,0.010350900000,   0.00100,
,,,0.010351000000,   0.00000,
,,,0.010351100000,   0.00000,
,,,0.010351200000,   0.00040,
,,,0.010351300000,   0.00020,
,,,0.010351400000,   0.00040,
,,,0.010351500000,   0.00080,
,,,0.010351600000,   0.00020,
,,,0.010351700000,  -0.00020,
,,,0.010351800000,  -0.00020,
,,,0.010351900000,   0.00000,
,,,0.010352000000,   0.00020,
,,,0.010352100000,   0.00060,
,,,0.010352200000,   0.00040,
,,,0.010352300000,  -0.00020,
,,,0.010352400000,   0.00040,
,,,0.010352500000,   0.00020,
,,,0.010352600000,   0.00040,
,,,0.010352700000,   0.00020,
,,,0.010352800000,   0.00040,
,,,0.010352900000,   0.00040,
,,,0.010353000000,   0.00080,
,,,0.010353100000,   0.00060,
,,,0.010353200000,   0.00060,
,,,0.010353300000,   0.00080,
,,,0.010353400000,   0.00020,
,,,0.010353500000,   0.00020,
,,,0.010353600000,   0.00060,
,,,0.010353700000,   0.00040,
,,,0.010353800000,   0.00060,
,,,0.010353900000,   0.00040,
,,,0.010354000000,   0.00000,
,,,0.010354100000,   0.00020,
,,,0.010354200000,   0.00020,
,,,0.010354300000,   0.00080,
,,,0.010354400000,   0.00020,
,,,0.010354500000,   0.00060,
,,,0.010354600000,   0.00040,
,,,0.010354700000,   0.00060,
,,,0.010354800000,   0.00120,
,,,0.010354900000,   0.00060,
,,,0.010355000000,   0.00080,
,,,0.010355100000,   0.00060,
,,,0.010355200000,   0.00060,
,,,0.010355300000,   0.00060,
,,,0.010355400000,   0.00080,
,,,0.010355500000,   0.00100,
,,,0.010355600000,   0.00020,
,,,0.010355700000,   0.00020,
,,,0.010355800000,   0.00020,
,,,0.010355900000,   0.00040,
,,,0.010356000000,   0.00020,
,,,0.010356100000,   0.00080,
,,,0.010356200000,   0.00060,
,,,0.010356300000,   0.00120,
,,,0.010356400000,   0.00000,
,,,0.010356500000,   0.00100,
,,,0.010356600000,  -0.00040,
,,,0.010356700000,   0.00020,
,,,0.010356800000,   0.00000,
,,,0.010356900000,   0.00000,
,,,0.010357000000,   0.00080,
,,,0.010357100000,   0.00040,
,,,0.010357200000,   0.00040,
,,,0.010357300000,   0.00020,
,,,0.010357400000,   0.00060,
,,,0.010357500000,   0.00040,
,,,0.010357600000,   0.00040,
,,,0.010357700000,   0.00080,
,,,0.010357800000,  -0.00020,
,,,0.010357900000,   0.00020,
,,,0.010358000000,   0.00040,
,,,0.010358100000,   0.00020,
,,,0.010358200000,   0.00040,
,,,0.010358300000,  -0.00020,
,,,0.010358400000,   0.00040,
,,,0.010358500000,   0.00000,
,,,0.010358600000,   0.00060,
,,,0.010358700000,   0.00060,
,,,0.010358800000,  -0.00020,
,,,0.010358900000,   0.00020,
,,,0.010359000000,   0.00040,
,,,0.010359100000,  -0.00020,
,,,0.010359200000,   0.00040,
,,,0.010359300000,   0.00020,
,,,0.010359400000,   0.00060,
,,,0.010359500000,   0.00020,
,,,0.010359600000,  -0.00020,
,,,0.010359700000,   0.00020,
,,,0.010359800000,   0.00080,
,,,0.010359900000,   0.00040,
,,,0.010360000000,   0.00040,
,,,0.010360100000,   0.00080,
,,,0.010360200000,   0.00060,
,,,0.010360300000,   0.00040,
,,,0.010360400000,   0.00060,
,,,0.010360500000,   0.00000,
,,,0.010360600000,   0.00020,
,,,0.010360700000,   0.00020,
,,,0.010360800000,   0.00000,
,,,0.010360900000,   0.00020,
,,,0.010361000000,   0.00020,
,,,0.010361100000,   0.00080,
,,,0.010361200000,   0.00020,
,,,0.010361300000,   0.00020,
,,,0.010361400000,   0.00000,
,,,0.010361500000,   0.00040,
,,,0.010361600000,   0.00080,
,,,0.010361700000,   0.00020,
,,,0.010361800000,   0.00020,
,,,0.010361900000,   0.00000,
,,,0.010362000000,   0.00040,
,,,0.010362100000,  -0.00060,
,,,0.010362200000,   0.00040,
,,,0.010362300000,   0.00000,
,,,0.010362400000,  -0.00020,
,,,0.010362500000,   0.00040,
,,,0.010362600000,   0.00100,
,,,0.010362700000,   0.00040,
,,,0.010362800000,   0.00080,
,,,0.010362900000,   0.00020,
,,,0.010363000000,   0.00080,
,,,0.010363100000,   0.00020,
,,,0.010363200000,   0.00120,
,,,0.010363300000,  -0.00020,
,,,0.010363400000,   0.00040,
,,,0.010363500000,   0.00000,
,,,0.010363600000,   0.00040,
,,,0.010363700000,   0.00060,
,,,0.010363800000,   0.00020,
,,,0.010363900000,   0.00040,
,,,0.010364000000,  -0.00020,
,,,0.010364100000,  -0.00020,
,,,0.010364200000,   0.00020,
,,,0.010364300000,   0.00060,
,,,0.010364400000,   0.00060,
,,,0.010364500000,   0.00020,
,,,0.010364600000,   0.00020,
,,,0.010364700000,   0.00080,
,,,0.010364800000,   0.00040,
,,,0.010364900000,  -0.00040,
,,,0.010365000000,   0.00080,
,,,0.010365100000,   0.00020,
,,,0.010365200000,   0.00020,
,,,0.010365300000,   0.00000,
,,,0.010365400000,   0.00040,
,,,0.010365500000,   0.00020,
,,,0.010365600000,  -0.00040,
,,,0.010365700000,   0.00020,
,,,0.010365800000,   0.00000,
,,,0.010365900000,   0.00000,
,,,0.010366000000,   0.00060,
,,,0.010366100000,  -0.00020,
,,,0.010366200000,   0.00100,
,,,0.010366300000,   0.00020,
,,,0.010366400000,   0.00000,
,,,0.010366500000,   0.00020,
,,,0.010366600000,   0.00060,
,,,0.010366700000,   0.00040,
,,,0.010366800000,   0.00040,
,,,0.010366900000,   0.00040,
,,,0.010367000000,   0.00040,
,,,0.010367100000,   0.00020,
,,,0.010367200000,   0.00000,
,,,0.010367300000,   0.00000,
,,,0.010367400000,   0.00000,
,,,0.010367500000,   0.00020,
,,,0.010367600000,   0.00040,
,,,0.010367700000,   0.00040,
,,,0.010367800000,   0.00020,
,,,0.010367900000,   0.00000,
,,,0.010368000000,   0.00040,
,,,0.010368100000,   0.00000,
,,,0.010368200000,   0.00060,
,,,0.010368300000,   0.00080,
,,,0.010368400000,   0.00080,
,,,0.010368500000,  -0.00020,
,,,0.010368600000,   0.00080,
,,,0.010368700000,   0.00020,
,,,0.010368800000,   0.00000,
,,,0.010368900000,   0.00020,
,,,0.010369000000,   0.00000,
,,,0.010369100000,   0.00000,
,,,0.010369200000,   0.00040,
,,,0.010369300000,   0.00080,
,,,0.010369400000,   0.00020,
,,,0.010369500000,   0.00040,
,,,0.010369600000,   0.00020,
,,,0.010369700000,  -0.00020,
,,,0.010369800000,  -0.00020,
,,,0.010369900000,   0.00040,
,,,0.010370000000,   0.00000,
,,,0.010370100000,   0.00020,
,,,0.010370200000,   0.00080,
,,,0.010370300000,   0.00040,
,,,0.010370400000,   0.00000,
,,,0.010370500000,   0.00040,
,,,0.010370600000,   0.00080,
,,,0.010370700000,   0.00060,
,,,0.010370800000,   0.00080,
,,,0.010370900000,   0.00080,
,,,0.010371000000,  -0.00020,
,,,0.010371100000,   0.00000,
,,,0.010371200000,   0.00000,
,,,0.010371300000,   0.00040,
,,,0.010371400000,   0.00000,
,,,0.010371500000,   0.00060,
,,,0.010371600000,   0.00000,
,,,0.010371700000,  -0.00040,
,,,0.010371800000,   0.00040,
,,,0.010371900000,  -0.00020,
,,,0.010372000000,   0.00020,
,,,0.010372100000,  -0.00040,
,,,0.010372200000,   0.00000,
,,,0.010372300000,   0.00020,
,,,0.010372400000,  -0.00020,
,,,0.010372500000,   0.00080,
,,,0.010372600000,   0.00080,
,,,0.010372700000,   0.00060,
,,,0.010372800000,   0.00040,
,,,0.010372900000,   0.00040,
,,,0.010373000000,   0.00060,
,,,0.010373100000,   0.00080,
,,,0.010373200000,   0.00140,
,,,0.010373300000,   0.00080,
,,,0.010373400000,   0.00140,
,,,0.010373500000,  -0.00020,
,,,0.010373600000,  -0.00040,
,,,0.010373700000,   0.00020,
,,,0.010373800000,   0.00020,
,,,0.010373900000,  -0.00020,
,,,0.010374000000,  -0.00020,
,,,0.010374100000,   0.00000,
,,,0.010374200000,  -0.00020,
,,,0.010374300000,   0.00080,
,,,0.010374400000,   0.00020,
,,,0.010374500000,   0.00100,
,,,0.010374600000,   0.00060,
,,,0.010374700000,  -0.00020,
,,,0.010374800000,  -0.00020,
,,,0.010374900000,  -0.00020,
,,,0.010375000000,   0.00040,
,,,0.010375100000,   0.00000,
,,,0.010375200000,   0.00020,
,,,0.010375300000,   0.00060,
,,,0.010375400000,   0.00000,
,,,0.010375500000,   0.00020,
,,,0.010375600000,   0.00020,
,,,0.010375700000,   0.00020,
,,,0.010375800000,   0.00000,
,,,0.010375900000,   0.00060,
,,,0.010376000000,   0.00020,
,,,0.010376100000,   0.00060,
,,,0.010376200000,   0.00020,
,,,0.010376300000,   0.00040,
,,,0.010376400000,   0.00040,
,,,0.010376500000,   0.00080,
,,,0.010376600000,   0.00060,
,,,0.010376700000,   0.00040,
,,,0.010376800000,   0.00020,
,,,0.010376900000,   0.00040,
,,,0.010377000000,   0.00000,
,,,0.010377100000,   0.00000,
,,,0.010377200000,   0.00060,
,,,0.010377300000,   0.00020,
,,,0.010377400000,   0.00040,
,,,0.010377500000,   0.00080,
,,,0.010377600000,   0.00080,
,,,0.010377700000,   0.00080,
,,,0.010377800000,   0.00080,
,,,0.010377900000,   0.00060,
,,,0.010378000000,   0.00040,
,,,0.010378100000,   0.00020,
,,,0.010378200000,   0.00040,
,,,0.010378300000,   0.00080,
,,,0.010378400000,   0.00040,
,,,0.010378500000,   0.00080,
,,,0.010378600000,   0.00040,
,,,0.010378700000,   0.00080,
,,,0.010378800000,   0.00060,
,,,0.010378900000,  -0.00020,
,,,0.010379000000,   0.00020,
,,,0.010379100000,   0.00040,
,,,0.010379200000,   0.00100,
,,,0.010379300000,   0.00080,
,,,0.010379400000,   0.00040,
,,,0.010379500000,   0.00000,
,,,0.010379600000,   0.00040,
,,,0.010379700000,   0.00080,
,,,0.010379800000,   0.00100,
,,,0.010379900000,   0.00000,
,,,0.010380000000,  -0.00040,
,,,0.010380100000,   0.00020,
,,,0.010380200000,   0.00100,
,,,0.010380300000,   0.00100,
,,,0.010380400000,   0.00000,
,,,0.010380500000,   0.00040,
,,,0.010380600000,   0.00000,
,,,0.010380700000,  -0.00020,
,,,0.010380800000,   0.00060,
,,,0.010380900000,   0.00080,
,,,0.010381000000,   0.00060,
,,,0.010381100000,  -0.00020,
,,,0.010381200000,   0.00060,
,,,0.010381300000,   0.00040,
,,,0.010381400000,   0.00000,
,,,0.010381500000,   0.00000,
,,,0.010381600000,  -0.00020,
,,,0.010381700000,   0.00040,
,,,0.010381800000,   0.00080,
,,,0.010381900000,   0.00040,
,,,0.010382000000,   0.00000,
,,,0.010382100000,   0.00100,
,,,0.010382200000,   0.00040,
,,,0.010382300000,   0.00020,
,,,0.010382400000,   0.00080,
,,,0.010382500000,   0.00020,
,,,0.010382600000,   0.00060,
,,,0.010382700000,   0.00040,
,,,0.010382800000,   0.00080,
,,,0.010382900000,   0.00020,
,,,0.010383000000,   0.00060,
,,,0.010383100000,   0.00080,
,,,0.010383200000,   0.00080,
,,,0.010383300000,   0.00020,
,,,0.010383400000,   0.00060,
,,,0.010383500000,   0.00040,
,,,0.010383600000,   0.00080,
,,,0.010383700000,   0.00060,
,,,0.010383800000,   0.00040,
,,,0.010383900000,   0.00020,
,,,0.010384000000,   0.00000,
,,,0.010384100000,   0.00040,
,,,0.010384200000,   0.00000,
,,,0.010384300000,   0.00020,
,,,0.010384400000,   0.00080,
,,,0.010384500000,   0.00040,
,,,0.010384600000,   0.00080,
,,,0.010384700000,   0.00060,
,,,0.010384800000,   0.00000,
,,,0.010384900000,   0.00060,
,,,0.010385000000,   0.00060,
,,,0.010385100000,   0.00020,
,,,0.010385200000,   0.00060,
,,,0.010385300000,   0.00040,
,,,0.010385400000,   0.00020,
,,,0.010385500000,  -0.00060,
,,,0.010385600000,   0.00000,
,,,0.010385700000,   0.00080,
,,,0.010385800000,   0.00060,
,,,0.010385900000,   0.00020,
,,,0.010386000000,   0.00020,
,,,0.010386100000,   0.00040,
,,,0.010386200000,   0.00080,
,,,0.010386300000,   0.00000,
,,,0.010386400000,   0.00080,
,,,0.010386500000,  -0.00020,
,,,0.010386600000,   0.00040,
,,,0.010386700000,   0.00040,
,,,0.010386800000,   0.00080,
,,,0.010386900000,   0.00040,
,,,0.010387000000,   0.00060,
,,,0.010387100000,   0.00040,
,,,0.010387200000,   0.00100,
,,,0.010387300000,   0.00100,
,,,0.010387400000,   0.00080,
,,,0.010387500000,   0.00080,
,,,0.010387600000,   0.00080,
,,,0.010387700000,  -0.00020,
,,,0.010387800000,   0.00100,
,,,0.010387900000,  -0.00020,
,,,0.010388000000,   0.00060,
,,,0.010388100000,   0.00080,
,,,0.010388200000,   0.00120,
,,,0.010388300000,  -0.00020,
,,,0.010388400000,   0.00060,
,,,0.010388500000,   0.00060,
,,,0.010388600000,   0.00140,
,,,0.010388700000,   0.00080,
,,,0.010388800000,   0.00040,
,,,0.010388900000,   0.00060,
,,,0.010389000000,   0.00080,
,,,0.010389100000,   0.00040,
,,,0.010389200000,   0.00140,
,,,0.010389300000,   0.00060,
,,,0.010389400000,   0.00020,
,,,0.010389500000,   0.00020,
,,,0.010389600000,   0.00000,
,,,0.010389700000,   0.00020,
,,,0.010389800000,   0.00080,
,,,0.010389900000,   0.00020,
,,,0.010390000000,   0.00080,
,,,0.010390100000,   0.00060,
,,,0.010390200000,   0.00040,
,,,0.010390300000,   0.00080,
,,,0.010390400000,   0.00020,
,,,0.010390500000,  -0.00020,
,,,0.010390600000,   0.00020,
,,,0.010390700000,   0.00040,
,,,0.010390800000,   0.00000,
,,,0.010390900000,   0.00000,
,,,0.010391000000,   0.00040,
,,,0.010391100000,   0.00060,
,,,0.010391200000,   0.00000,
,,,0.010391300000,   0.00080,
,,,0.010391400000,   0.00040,
,,,0.010391500000,   0.00120,
,,,0.010391600000,   0.00020,
,,,0.010391700000,   0.00100,
,,,0.010391800000,   0.00060,
,,,0.010391900000,   0.00040,
,,,0.010392000000,   0.00080,
,,,0.010392100000,   0.00020,
,,,0.010392200000,   0.00040,
,,,0.010392300000,   0.00140,
,,,0.010392400000,   0.00060,
,,,0.010392500000,   0.00100,
,,,0.010392600000,   0.00080,
,,,0.010392700000,   0.00100,
,,,0.010392800000,   0.00120,
,,,0.010392900000,   0.00100,
,,,0.010393000000,   0.00040,
,,,0.010393100000,   0.00140,
,,,0.010393200000,   0.00100,
,,,0.010393300000,   0.00140,
,,,0.010393400000,   0.00100,
,,,0.010393500000,   0.00160,
,,,0.010393600000,   0.00120,
,,,0.010393700000,   0.00060,
,,,0.010393800000,   0.00080,
,,,0.010393900000,   0.00100,
,,,0.010394000000,   0.00140,
,,,0.010394100000,   0.00060,
,,,0.010394200000,   0.00100,
,,,0.010394300000,   0.00100,
,,,0.010394400000,   0.00120,
,,,0.010394500000,   0.00100,
,,,0.010394600000,   0.00080,
,,,0.010394700000,   0.00100,
,,,0.010394800000,   0.00060,
,,,0.010394900000,   0.00060,
,,,0.010395000000,   0.00100,
,,,0.010395100000,   0.00100,
,,,0.010395200000,   0.00120,
,,,0.010395300000,   0.00060,
,,,0.010395400000,   0.00040,
,,,0.010395500000,   0.00080,
,,,0.010395600000,   0.00140,
,,,0.010395700000,   0.00100,
,,,0.010395800000,   0.00060,
,,,0.010395900000,   0.00100,
,,,0.010396000000,   0.00100,
,,,0.010396100000,   0.00080,
,,,0.010396200000,   0.00100,
,,,0.010396300000,   0.00160,
,,,0.010396400000,   0.00120,
,,,0.010396500000,   0.00100,
,,,0.010396600000,   0.00060,
,,,0.010396700000,   0.00060,
,,,0.010396800000,   0.00140,
,,,0.010396900000,   0.00080,
,,,0.010397000000,   0.00020,
,,,0.010397100000,   0.00100,
,,,0.010397200000,   0.00020,
,,,0.010397300000,   0.00080,
,,,0.010397400000,   0.00120,
,,,0.010397500000,   0.00180,
,,,0.010397600000,   0.00120,
,,,0.010397700000,   0.00120,
,,,0.010397800000,   0.00080,
,,,0.010397900000,   0.00160,
,,,0.010398000000,   0.00060,
,,,0.010398100000,   0.00120,
,,,0.010398200000,   0.00040,
,,,0.010398300000,   0.00060,
,,,0.010398400000,   0.00080,
,,,0.010398500000,   0.00140,
,,,0.010398600000,   0.00100,
,,,0.010398700000,   0.00020,
,,,0.010398800000,   0.00100,
,,,0.010398900000,   0.00080,
,,,0.010399000000,   0.00120,
,,,0.010399100000,   0.00080,
,,,0.010399200000,   0.00080,
,,,0.010399300000,   0.00060,
,,,0.010399400000,   0.00080,
,,,0.010399500000,   0.00080,
,,,0.010399600000,   0.00120,
,,,0.010399700000,   0.00100,
,,,0.010399800000,   0.00120,
,,,0.010399900000,   0.00100,
,,,0.010400000000,   0.00140,
,,,0.010400100000,   0.00080,
,,,0.010400200000,   0.00060,
,,,0.010400300000,   0.00120,
,,,0.010400400000,   0.00160,
,,,0.010400500000,   0.00140,
,,,0.010400600000,   0.00100,
,,,0.010400700000,   0.00140,
,,,0.010400800000,   0.00160,
,,,0.010400900000,   0.00120,
,,,0.010401000000,   0.00120,
,,,0.010401100000,   0.00140,
,,,0.010401200000,   0.00080,
,,,0.010401300000,   0.00140,
,,,0.010401400000,   0.00120,
,,,0.010401500000,   0.00120,
,,,0.010401600000,   0.00120,
,,,0.010401700000,   0.00160,
,,,0.010401800000,   0.00180,
,,,0.010401900000,   0.00180,
,,,0.010402000000,   0.00200,
,,,0.010402100000,   0.00140,
,,,0.010402200000,   0.00220,
,,,0.010402300000,   0.00120,
,,,0.010402400000,   0.00200,
,,,0.010402500000,   0.00160,
,,,0.010402600000,   0.00180,
,,,0.010402700000,   0.00200,
,,,0.010402800000,   0.00180,
,,,0.010402900000,   0.00240,
,,,0.010403000000,   0.00200,
,,,0.010403100000,   0.00220,
,,,0.010403200000,   0.00080,
,,,0.010403300000,   0.00160,
,,,0.010403400000,   0.00200,
,,,0.010403500000,   0.00140,
,,,0.010403600000,   0.00160,
,,,0.010403700000,   0.00180,
,,,0.010403800000,   0.00160,
,,,0.010403900000,   0.00200,
,,,0.010404000000,   0.00180,
,,,0.010404100000,   0.00220,
,,,0.010404200000,   0.00160,
,,,0.010404300000,   0.00180,
,,,0.010404400000,   0.00180,
,,,0.010404500000,   0.00180,
,,,0.010404600000,   0.00220,
,,,0.010404700000,   0.00200,
,,,0.010404800000,   0.00220,
,,,0.010404900000,   0.00220,
,,,0.010405000000,   0.00220,
,,,0.010405100000,   0.00200,
,,,0.010405200000,   0.00220,
,,,0.010405300000,   0.00180,
,,,0.010405400000,   0.00140,
,,,0.010405500000,   0.00200,
,,,0.010405600000,   0.00280,
,,,0.010405700000,   0.00200,
,,,0.010405800000,   0.00200,
,,,0.010405900000,   0.00200,
,,,0.010406000000,   0.00240,
,,,0.010406100000,   0.00200,
,,,0.010406200000,   0.00160,
,,,0.010406300000,   0.00240,
,,,0.010406400000,   0.00240,
,,,0.010406500000,   0.00240,
,,,0.010406600000,   0.00200,
,,,0.010406700000,   0.00180,
,,,0.010406800000,   0.00180,
,,,0.010406900000,   0.00180,
,,,0.010407000000,   0.00280,
,,,0.010407100000,   0.00220,
,,,0.010407200000,   0.00300,
,,,0.010407300000,   0.00280,
,,,0.010407400000,   0.00280,
,,,0.010407500000,   0.00200,
,,,0.010407600000,   0.00240,
,,,0.010407700000,   0.00280,
,,,0.010407800000,   0.00200,
,,,0.010407900000,   0.00300,
,,,0.010408000000,   0.00220,
,,,0.010408100000,   0.00220,
,,,0.010408200000,   0.00240,
,,,0.010408300000,   0.00240,
,,,0.010408400000,   0.00260,
,,,0.010408500000,   0.00300,
,,,0.010408600000,   0.00180,
,,,0.010408700000,   0.00260,
,,,0.010408800000,   0.00280,
,,,0.010408900000,   0.00200,
,,,0.010409000000,   0.00240,
,,,0.010409100000,   0.00220,
,,,0.010409200000,   0.00260,
,,,0.010409300000,   0.00260,
,,,0.010409400000,   0.00280,
,,,0.010409500000,   0.00300,
,,,0.010409600000,   0.00260,
,,,0.010409700000,   0.00300,
,,,0.010409800000,   0.00300,
,,,0.010409900000,   0.00220,
,,,0.010410000000,   0.00220,
,,,0.010410100000,   0.00240,
,,,0.010410200000,   0.00340,
,,,0.010410300000,   0.00300,
,,,0.010410400000,   0.00300,
,,,0.010410500000,   0.00340,
,,,0.010410600000,   0.00360,
,,,0.010410700000,   0.00320,
,,,0.010410800000,   0.00320,
,,,0.010410900000,   0.00420,
,,,0.010411000000,   0.00340,
,,,0.010411100000,   0.00280,
,,,0.010411200000,   0.00320,
,,,0.010411300000,   0.00360,
,,,0.010411400000,   0.00280,
,,,0.010411500000,   0.00320,
,,,0.010411600000,   0.00300,
,,,0.010411700000,   0.00360,
,,,0.010411800000,   0.00320,
,,,0.010411900000,   0.00300,
,,,0.010412000000,   0.00380,
,,,0.010412100000,   0.00300,
,,,0.010412200000,   0.00360,
,,,0.010412300000,   0.00320,
,,,0.010412400000,   0.00380,
,,,0.010412500000,   0.00400,
,,,0.010412600000,   0.00340,
,,,0.010412700000,   0.00360,
,,,0.010412800000,   0.00440,
,,,0.010412900000,   0.00340,
,,,0.010413000000,   0.00380,
,,,0.010413100000,   0.00360,
,,,0.010413200000,   0.00440,
,,,0.010413300000,   0.00400,
,,,0.010413400000,   0.00360,
,,,0.010413500000,   0.00400,
,,,0.010413600000,   0.00400,
,,,0.010413700000,   0.00360,
,,,0.010413800000,   0.00480,
,,,0.010413900000,   0.00400,
,,,0.010414000000,   0.00440,
,,,0.010414100000,   0.00380,
,,,0.010414200000,   0.00360,
,,,0.010414300000,   0.00420,
,,,0.010414400000,   0.00380,
,,,0.010414500000,   0.00360,
,,,0.010414600000,   0.00400,
,,,0.010414700000,   0.00320,
,,,0.010414800000,   0.00420,
,,,0.010414900000,   0.00440,
,,,0.010415000000,   0.00440,
,,,0.010415100000,   0.00400,
,,,0.010415200000,   0.00380,
,,,0.010415300000,   0.00540,
,,,0.010415400000,   0.00460,
,,,0.010415500000,   0.00420,
,,,0.010415600000,   0.00460,
,,,0.010415700000,   0.00380,
,,,0.010415800000,   0.00360,
,,,0.010415900000,   0.00460,
,,,0.010416000000,   0.00400,
,,,0.010416100000,   0.00420,
,,,0.010416200000,   0.00420,
,,,0.010416300000,   0.00520,
,,,0.010416400000,   0.00420,
,,,0.010416500000,   0.00480,
,,,0.010416600000,   0.00480,
,,,0.010416700000,   0.00480,
,,,0.010416800000,   0.00500,
,,,0.010416900000,   0.00500,
,,,0.010417000000,   0.00460,
,,,0.010417100000,   0.00480,
,,,0.010417200000,   0.00480,
,,,0.010417300000,   0.00520,
,,,0.010417400000,   0.00480,
,,,0.010417500000,   0.00520,
,,,0.010417600000,   0.00500,
,,,0.010417700000,   0.00520,
,,,0.010417800000,   0.00580,
,,,0.010417900000,   0.00560,
,,,0.010418000000,   0.00540,
,,,0.010418100000,   0.00540,
,,,0.010418200000,   0.00540,
,,,0.010418300000,   0.00500,
,,,0.010418400000,   0.00540,
,,,0.010418500000,   0.00520,
,,,0.010418600000,   0.00500,
,,,0.010418700000,   0.00520,
,,,0.010418800000,   0.00580,
,,,0.010418900000,   0.00560,
,,,0.010419000000,   0.00580,
,,,0.010419100000,   0.00540,
,,,0.010419200000,   0.00560,
,,,0.010419300000,   0.00560,
,,,0.010419400000,   0.00580,
,,,0.010419500000,   0.00600,
,,,0.010419600000,   0.00580,
,,,0.010419700000,   0.00620,
,,,0.010419800000,   0.00620,
,,,0.010419900000,   0.00540,
,,,0.010420000000,   0.00580,
,,,0.010420100000,   0.00580,
,,,0.010420200000,   0.00600,
,,,0.010420300000,   0.00600,
,,,0.010420400000,   0.00560,
,,,0.010420500000,   0.00600,
,,,0.010420600000,   0.00660,
,,,0.010420700000,   0.00620,
,,,0.010420800000,   0.00660,
,,,0.010420900000,   0.00620,
,,,0.010421000000,   0.00680,
,,,0.010421100000,   0.00600,
,,,0.010421200000,   0.00580,
,,,0.010421300000,   0.00620,
,,,0.010421400000,   0.00660,
,,,0.010421500000,   0.00680,
,,,0.010421600000,   0.00660,
,,,0.010421700000,   0.00640,
,,,0.010421800000,   0.00660,
,,,0.010421900000,   0.00720,
,,,0.010422000000,   0.00800,
,,,0.010422100000,   0.00740,
,,,0.010422200000,   0.00760,
,,,0.010422300000,   0.00760,
,,,0.010422400000,   0.00780,
,,,0.010422500000,   0.00740,
,,,0.010422600000,   0.00740,
,,,0.010422700000,   0.00740,
,,,0.010422800000,   0.00740,
,,,0.010422900000,   0.00720,
,,,0.010423000000,   0.00740,
,,,0.010423100000,   0.00820,
,,,0.010423200000,   0.00820,
,,,0.010423300000,   0.00800,
,,,0.010423400000,   0.00780,
,,,0.010423500000,   0.00780,
,,,0.010423600000,   0.00800,
,,,0.010423700000,   0.00820,
,,,0.010423800000,   0.00760,
,,,0.010423900000,   0.00800,
,,,0.010424000000,   0.00760,
,,,0.010424100000,   0.00800,
,,,0.010424200000,   0.00820,
,,,0.010424300000,   0.00780,
,,,0.010424400000,   0.00820,
,,,0.010424500000,   0.00860,
,,,0.010424600000,   0.00840,
,,,0.010424700000,   0.00860,
,,,0.010424800000,   0.00880,
,,,0.010424900000,   0.00880,
,,,0.010425000000,   0.00800,
,,,0.010425100000,   0.00840,
,,,0.010425200000,   0.00840,
,,,0.010425300000,   0.00940,
,,,0.010425400000,   0.00880,
,,,0.010425500000,   0.00900,
,,,0.010425600000,   0.00900,
,,,0.010425700000,   0.00880,
,,,0.010425800000,   0.00840,
,,,0.010425900000,   0.00920,
,,,0.010426000000,   0.00920,
,,,0.010426100000,   0.00900,
,,,0.010426200000,   0.00980,
,,,0.010426300000,   0.00900,
,,,0.010426400000,   0.00980,
,,,0.010426500000,   0.00920,
,,,0.010426600000,   0.01000,
,,,0.010426700000,   0.00960,
,,,0.010426800000,   0.01020,
,,,0.010426900000,   0.01020,
,,,0.010427000000,   0.01020,
,,,0.010427100000,   0.01000,
,,,0.010427200000,   0.01060,
,,,0.010427300000,   0.01000,
,,,0.010427400000,   0.01000,
,,,0.010427500000,   0.00980,
,,,0.010427600000,   0.01060,
,,,0.010427700000,   0.01000,
,,,0.010427800000,   0.01060,
,,,0.010427900000,   0.01060,
,,,0.010428000000,   0.01000,
,,,0.010428100000,   0.01080,
,,,0.010428200000,   0.01040,
,,,0.010428300000,   0.01100,
,,,0.010428400000,   0.01100,
,,,0.010428500000,   0.01100,
,,,0.010428600000,   0.01040,
,,,0.010428700000,   0.01120,
,,,0.010428800000,   0.01140,
,,,0.010428900000,   0.01120,
,,,0.010429000000,   0.01200,
,,,0.010429100000,   0.01120,
,,,0.010429200000,   0.01140,
,,,0.010429300000,   0.01160,
,,,0.010429400000,   0.01120,
,,,0.010429500000,   0.01180,
,,,0.010429600000,   0.01260,
,,,0.010429700000,   0.01260,
,,,0.010429800000,   0.01200,
,,,0.010429900000,   0.01180,
,,,0.010430000000,   0.01200,
,,,0.010430100000,   0.01240,
,,,0.010430200000,   0.01280,
,,,0.010430300000,   0.01180,
,,,0.010430400000,   0.01200,
,,,0.010430500000,   0.01220,
,,,0.010430600000,   0.01200,
,,,0.010430700000,   0.01240,
,,,0.010430800000,   0.01220,
,,,0.010430900000,   0.01300,
,,,0.010431000000,   0.01300,
,,,0.010431100000,   0.01300,
,,,0.010431200000,   0.01360,
,,,0.010431300000,   0.01300,
,,,0.010431400000,   0.01240,
,,,0.010431500000,   0.01380,
,,,0.010431600000,   0.01360,
,,,0.010431700000,   0.01400,
,,,0.010431800000,   0.01420,
,,,0.010431900000,   0.01380,
,,,0.010432000000,   0.01380,
,,,0.010432100000,   0.01420,
,,,0.010432200000,   0.01380,
,,,0.010432300000,   0.01500,
,,,0.010432400000,   0.01440,
,,,0.010432500000,   0.01460,
,,,0.010432600000,   0.01500,
,,,0.010432700000,   0.01460,
,,,0.010432800000,   0.01500,
,,,0.010432900000,   0.01520,
,,,0.010433000000,   0.01540,
,,,0.010433100000,   0.01500,
,,,0.010433200000,   0.01500,
,,,0.010433300000,   0.01560,
,,,0.010433400000,   0.01500,
,,,0.010433500000,   0.01500,
,,,0.010433600000,   0.01540,
,,,0.010433700000,   0.01580,
,,,0.010433800000,   0.01600,
,,,0.010433900000,   0.01600,
,,,0.010434000000,   0.01640,
,,,0.010434100000,   0.01620,
,,,0.010434200000,   0.01640,
,,,0.010434300000,   0.01640,
,,,0.010434400000,   0.01660,
,,,0.010434500000,   0.01620,
,,,0.010434600000,   0.01660,
,,,0.010434700000,   0.01660,
,,,0.010434800000,   0.01720,
,,,0.010434900000,   0.01800,
,,,0.010435000000,   0.01660,
,,,0.010435100000,   0.01760,
,,,0.010435200000,   0.01760,
,,,0.010435300000,   0.01740,
,,,0.010435400000,   0.01760,
,,,0.010435500000,   0.01740,
,,,0.010435600000,   0.01800,
,,,0.010435700000,   0.01820,
,,,0.010435800000,   0.01800,
,,,0.010435900000,   0.01740,
,,,0.010436000000,   0.01860,
,,,0.010436100000,   0.01840,
,,,0.010436200000,   0.01840,
,,,0.010436300000,   0.01840,
,,,0.010436400000,   0.01820,
,,,0.010436500000,   0.01900,
,,,0.010436600000,   0.01920,
,,,0.010436700000,   0.01940,
,,,0.010436800000,   0.01980,
,,,0.010436900000,   0.01920,
,,,0.010437000000,   0.01960,
,,,0.010437100000,   0.01940,
,,,0.010437200000,   0.01940,
,,,0.010437300000,   0.01940,
,,,0.010437400000,   0.01920,
,,,0.010437500000,   0.01980,
,,,0.010437600000,   0.01980,
,,,0.010437700000,   0.02000,
,,,0.010437800000,   0.02000,
,,,0.010437900000,   0.02040,
,,,0.010438000000,   0.02000,
,,,0.010438100000,   0.02040,
,,,0.010438200000,   0.02140,
,,,0.010438300000,   0.02120,
,,,0.010438400000,   0.02140,
,,,0.010438500000,   0.02140,
,,,0.010438600000,   0.02140,
,,,0.010438700000,   0.02140,
,,,0.010438800000,   0.02200,
,,,0.010438900000,   0.02200,
,,,0.010439000000,   0.02260,
,,,0.010439100000,   0.02180,
,,,0.010439200000,   0.02240,
,,,0.010439300000,   0.02240,
,,,0.010439400000,   0.02220,
,,,0.010439500000,   0.02240,
,,,0.010439600000,   0.02280,
,,,0.010439700000,   0.02240,
,,,0.010439800000,   0.02220,
,,,0.010439900000,   0.02260,
,,,0.010440000000,   0.02300,
,,,0.010440100000,   0.02360,
,,,0.010440200000,   0.02320,
,,,0.010440300000,   0.02320,
,,,0.010440400000,   0.02280,
,,,0.010440500000,   0.02380,
,,,0.010440600000,   0.02380,
,,,0.010440700000,   0.02380,
,,,0.010440800000,   0.02500,
,,,0.010440900000,   0.02440,
,,,0.010441000000,   0.02480,
,,,0.010441100000,   0.02440,
,,,0.010441200000,   0.02500,
,,,0.010441300000,   0.02500,
,,,0.010441400000,   0.02520,
,,,0.010441500000,   0.02500,
,,,0.010441600000,   0.02540,
,,,0.010441700000,   0.02480,
,,,0.010441800000,   0.02460,
,,,0.010441900000,   0.02500,
,,,0.010442000000,   0.02540,
,,,0.010442100000,   0.02540,
,,,0.010442200000,   0.02580,
,,,0.010442300000,   0.02500,
,,,0.010442400000,   0.02540,
,,,0.010442500000,   0.02580,
,,,0.010442600000,   0.02540,
,,,0.010442700000,   0.02520,
,,,0.010442800000,   0.02640,
,,,0.010442900000,   0.02580,
,,,0.010443000000,   0.02540,
,,,0.010443100000,   0.02540,
,,,0.010443200000,   0.02600,
,,,0.010443300000,   0.02620,
,,,0.010443400000,   0.02600,
,,,0.010443500000,   0.02540,
,,,0.010443600000,   0.02640,
,,,0.010443700000,   0.02640,
,,,0.010443800000,   0.02600,
,,,0.010443900000,   0.02660,
,,,0.010444000000,   0.02580,
,,,0.010444100000,   0.02600,
,,,0.010444200000,   0.02620,
,,,0.010444300000,   0.02580,
,,,0.010444400000,   0.02600,
,,,0.010444500000,   0.02540,
,,,0.010444600000,   0.02600,
,,,0.010444700000,   0.02660,
,,,0.010444800000,   0.02600,
,,,0.010444900000,   0.02640,
,,,0.010445000000,   0.02640,
,,,0.010445100000,   0.02580,
,,,0.010445200000,   0.02600,
,,,0.010445300000,   0.02540,
,,,0.010445400000,   0.02580,
,,,0.010445500000,   0.02600,
,,,0.010445600000,   0.02620,
,,,0.010445700000,   0.02580,
,,,0.010445800000,   0.02640,
,,,0.010445900000,   0.02640,
,,,0.010446000000,   0.02540,
,,,0.010446100000,   0.02660,
,,,0.010446200000,   0.02480,
,,,0.010446300000,   0.02600,
,,,0.010446400000,   0.02600,
,,,0.010446500000,   0.02600,
,,,0.010446600000,   0.02580,
,,,0.010446700000,   0.02620,
,,,0.010446800000,   0.02460,
,,,0.010446900000,   0.02420,
,,,0.010447000000,   0.02420,
,,,0.010447100000,   0.02520,
,,,0.010447200000,   0.02500,
,,,0.010447300000,   0.02480,
,,,0.010447400000,   0.02500,
,,,0.010447500000,   0.02500,
,,,0.010447600000,   0.02480,
,,,0.010447700000,   0.02460,
,,,0.010447800000,   0.02500,
,,,0.010447900000,   0.02380,
,,,0.010448000000,   0.02480,
,,,0.010448100000,   0.02480,
,,,0.010448200000,   0.02400,
,,,0.010448300000,   0.02420,
,,,0.010448400000,   0.02440,
,,,0.010448500000,   0.02440,
,,,0.010448600000,   0.02420,
,,,0.010448700000,   0.02420,
,,,0.010448800000,   0.02440,
,,,0.010448900000,   0.02400,
,,,0.010449000000,   0.02500,
,,,0.010449100000,   0.02380,
,,,0.010449200000,   0.02360,
,,,0.010449300000,   0.02400,
,,,0.010449400000,   0.02400,
,,,0.010449500000,   0.02380,
,,,0.010449600000,   0.02380,
,,,0.010449700000,   0.02360,
,,,0.010449800000,   0.02320,
,,,0.010449900000,   0.02320,
,,,0.010450000000,   0.02420,
,,,0.010450100000,   0.02340,
,,,0.010450200000,   0.02260,
,,,0.010450300000,   0.02360,
,,,0.010450400000,   0.02260,
,,,0.010450500000,   0.02340,
,,,0.010450600000,   0.02280,
,,,0.010450700000,   0.02320,
,,,0.010450800000,   0.02240,
,,,0.010450900000,   0.02300,
,,,0.010451000000,   0.02260,
,,,0.010451100000,   0.02320,
,,,0.010451200000,   0.02280,
,,,0.010451300000,   0.02260,
,,,0.010451400000,   0.02260,
,,,0.010451500000,   0.02220,
,,,0.010451600000,   0.02200,
,,,0.010451700000,   0.02180,
,,,0.010451800000,   0.02220,
,,,0.010451900000,   0.02240,
,,,0.010452000000,   0.02180,
,,,0.010452100000,   0.02200,
,,,0.010452200000,   0.02260,
,,,0.010452300000,   0.02180,
,,,0.010452400000,   0.02120,
,,,0.010452500000,   0.02120,
,,,0.010452600000,   0.02140,
,,,0.010452700000,   0.02140,
,,,0.010452800000,   0.02160,
,,,0.010452900000,   0.02140,
,,,0.010453000000,   0.02120,
,,,0.010453100000,   0.02140,
,,,0.010453200000,   0.02140,
,,,0.010453300000,   0.02060,
,,,0.010453400000,   0.02060,
,,,0.010453500000,   0.02040,
,,,0.010453600000,   0.02060,
,,,0.010453700000,   0.02080,
,,,0.010453800000,   0.02080,
,,,0.010453900000,   0.02060,
,,,0.010454000000,   0.01980,
,,,0.010454100000,   0.02020,
,,,0.010454200000,   0.02000,
,,,0.010454300000,   0.02040,
,,,0.010454400000,   0.01940,
,,,0.010454500000,   0.01940,
,,,0.010454600000,   0.02000,
,,,0.010454700000,   0.01960,
,,,0.010454800000,   0.02000,
,,,0.010454900000,   0.02000,
,,,0.010455000000,   0.01920,
,,,0.010455100000,   0.01920,
,,,0.010455200000,   0.01960,
,,,0.010455300000,   0.01900,
,,,0.010455400000,   0.01960,
,,,0.010455500000,   0.01860,
,,,0.010455600000,   0.01860,
,,,0.010455700000,   0.01940,
,,,0.010455800000,   0.01900,
,,,0.010455900000,   0.01900,
,,,0.010456000000,   0.01920,
,,,0.010456100000,   0.01820,
,,,0.010456200000,   0.01900,
,,,0.010456300000,   0.01880,
,,,0.010456400000,   0.01900,
,,,0.010456500000,   0.01840,
,,,0.010456600000,   0.01820,
,,,0.010456700000,   0.01800,
,,,0.010456800000,   0.01800,
,,,0.010456900000,   0.01820,
,,,0.010457000000,   0.01780,
,,,0.010457100000,   0.01780,
,,,0.010457200000,   0.01700,
,,,0.010457300000,   0.01720,
,,,0.010457400000,   0.01740,
,,,0.010457500000,   0.01720,
,,,0.010457600000,   0.01780,
,,,0.010457700000,   0.01720,
,,,0.010457800000,   0.01720,
,,,0.010457900000,   0.01760,
,,,0.010458000000,   0.01660,
,,,0.010458100000,   0.01660,
,,,0.010458200000,   0.01680,
,,,0.010458300000,   0.01680,
,,,0.010458400000,   0.01680,
,,,0.010458500000,   0.01660,
,,,0.010458600000,   0.01640,
,,,0.010458700000,   0.01660,
,,,0.010458800000,   0.01620,
,,,0.010458900000,   0.01580,
,,,0.010459000000,   0.01600,
,,,0.010459100000,   0.01600,
,,,0.010459200000,   0.01620,
,,,0.010459300000,   0.01560,
,,,0.010459400000,   0.01520,
,,,0.010459500000,   0.01580,
,,,0.010459600000,   0.01580,
,,,0.010459700000,   0.01620,
,,,0.010459800000,   0.01620,
,,,0.010459900000,   0.01560,
,,,0.010460000000,   0.01460,
,,,0.010460100000,   0.01520,
,,,0.010460200000,   0.01560,
,,,0.010460300000,   0.01540,
,,,0.010460400000,   0.01560,
,,,0.010460500000,   0.01500,
,,,0.010460600000,   0.01580,
,,,0.010460700000,   0.01480,
,,,0.010460800000,   0.01460,
,,,0.010460900000,   0.01420,
,,,0.010461000000,   0.01440,
,,,0.010461100000,   0.01440,
,,,0.010461200000,   0.01540,
,,,0.010461300000,   0.01320,
,,,0.010461400000,   0.01440,
,,,0.010461500000,   0.01460,
,,,0.010461600000,   0.01420,
,,,0.010461700000,   0.01380,
,,,0.010461800000,   0.01460,
,,,0.010461900000,   0.01440,
,,,0.010462000000,   0.01460,
,,,0.010462100000,   0.01400,
,,,0.010462200000,   0.01420,
,,,0.010462300000,   0.01380,
,,,0.010462400000,   0.01460,
,,,0.010462500000,   0.01360,
,,,0.010462600000,   0.01400,
,,,0.010462700000,   0.01360,
,,,0.010462800000,   0.01320,
,,,0.010462900000,   0.01380,
,,,0.010463000000,   0.01360,
,,,0.010463100000,   0.01360,
,,,0.010463200000,   0.01360,
,,,0.010463300000,   0.01260,
,,,0.010463400000,   0.01380,
,,,0.010463500000,   0.01340,
,,,0.010463600000,   0.01360,
,,,0.010463700000,   0.01360,
,,,0.010463800000,   0.01300,
,,,0.010463900000,   0.01320,
,,,0.010464000000,   0.01300,
,,,0.010464100000,   0.01260,
,,,0.010464200000,   0.01280,
,,,0.010464300000,   0.01260,
,,,0.010464400000,   0.01280,
,,,0.010464500000,   0.01220,
,,,0.010464600000,   0.01260,
,,,0.010464700000,   0.01180,
,,,0.010464800000,   0.01280,
,,,0.010464900000,   0.01260,
,,,0.010465000000,   0.01180,
,,,0.010465100000,   0.01220,
,,,0.010465200000,   0.01120,
,,,0.010465300000,   0.01180,
,,,0.010465400000,   0.01180,
,,,0.010465500000,   0.01260,
,,,0.010465600000,   0.01320,
,,,0.010465700000,   0.01180,
,,,0.010465800000,   0.01160,
,,,0.010465900000,   0.01200,
,,,0.010466000000,   0.01160,
,,,0.010466100000,   0.01180,
,,,0.010466200000,   0.01180,
,,,0.010466300000,   0.01180,
,,,0.010466400000,   0.01140,
,,,0.010466500000,   0.01200,
,,,0.010466600000,   0.01100,
,,,0.010466700000,   0.01160,
,,,0.010466800000,   0.01080,
,,,0.010466900000,   0.01120,
,,,0.010467000000,   0.01080,
,,,0.010467100000,   0.01080,
,,,0.010467200000,   0.01080,
,,,0.010467300000,   0.01100,
,,,0.010467400000,   0.01120,
,,,0.010467500000,   0.01080,
,,,0.010467600000,   0.01080,
,,,0.010467700000,   0.01060,
,,,0.010467800000,   0.01080,
,,,0.010467900000,   0.01080,
,,,0.010468000000,   0.01060,
,,,0.010468100000,   0.01100,
,,,0.010468200000,   0.01040,
,,,0.010468300000,   0.01080,
,,,0.010468400000,   0.01080,
,,,0.010468500000,   0.01080,
,,,0.010468600000,   0.01080,
,,,0.010468700000,   0.01060,
,,,0.010468800000,   0.01060,
,,,0.010468900000,   0.01060,
,,,0.010469000000,   0.01060,
,,,0.010469100000,   0.01060,
,,,0.010469200000,   0.01000,
,,,0.010469300000,   0.01040,
,,,0.010469400000,   0.01020,
,,,0.010469500000,   0.01080,
,,,0.010469600000,   0.01040,
,,,0.010469700000,   0.00960,
,,,0.010469800000,   0.00960,
,,,0.010469900000,   0.00960,
,,,0.010470000000,   0.00980,
,,,0.010470100000,   0.00960,
,,,0.010470200000,   0.00960,
,,,0.010470300000,   0.00940,
,,,0.010470400000,   0.01000,
,,,0.010470500000,   0.00980,
,,,0.010470600000,   0.01020,
,,,0.010470700000,   0.00940,
,,,0.010470800000,   0.00920,
,,,0.010470900000,   0.00900,
,,,0.010471000000,   0.00900,
,,,0.010471100000,   0.00900,
,,,0.010471200000,   0.00980,
,,,0.010471300000,   0.00920,
,,,0.010471400000,   0.00940,
,,,0.010471500000,   0.00880,
,,,0.010471600000,   0.00940,
,,,0.010471700000,   0.00920,
,,,0.010471800000,   0.00920,
,,,0.010471900000,   0.00920,
,,,0.010472000000,   0.00880,
,,,0.010472100000,   0.00840,
,,,0.010472200000,   0.00840,
,,,0.010472300000,   0.00860,
,,,0.010472400000,   0.00860,
,,,0.010472500000,   0.00920,
,,,0.010472600000,   0.00840,
,,,0.010472700000,   0.00860,
,,,0.010472800000,   0.00800,
,,,0.010472900000,   0.00820,
,,,0.010473000000,   0.00860,
,,,0.010473100000,   0.00880,
,,,0.010473200000,   0.00860,
,,,0.010473300000,   0.00840,
,,,0.010473400000,   0.00780,
,,,0.010473500000,   0.00780,
,,,0.010473600000,   0.00800,
,,,0.010473700000,   0.00820,
,,,0.010473800000,   0.00780,
,,,0.010473900000,   0.00780,
,,,0.010474000000,   0.00760,
,,,0.010474100000,   0.00780,
,,,0.010474200000,   0.00740,
,,,0.010474300000,   0.00760,
,,,0.010474400000,   0.00780,
,,,0.010474500000,   0.00800,
,,,0.010474600000,   0.00760,
,,,0.010474700000,   0.00760,
,,,0.010474800000,   0.00800,
,,,0.010474900000,   0.00800,
,,,0.010475000000,   0.00720,
,,,0.010475100000,   0.00740,
,,,0.010475200000,   0.00740,
,,,0.010475300000,   0.00760,
,,,0.010475400000,   0.00700,
,,,0.010475500000,   0.00820,
,,,0.010475600000,   0.00720,
,,,0.010475700000,   0.00720,
,,,0.010475800000,   0.00740,
,,,0.010475900000,   0.00720,
,,,0.010476000000,   0.00760,
,,,0.010476100000,   0.00720,
,,,0.010476200000,   0.00740,
,,,0.010476300000,   0.00760,
,,,0.010476400000,   0.00760,
,,,0.010476500000,   0.00760,
,,,0.010476600000,   0.00740,
,,,0.010476700000,   0.00760,
,,,0.010476800000,   0.00660,
,,,0.010476900000,   0.00680,
,,,0.010477000000,   0.00680,
,,,0.010477100000,   0.00680,
,,,0.010477200000,   0.00740,
,,,0.010477300000,   0.00780,
,,,0.010477400000,   0.00740,
,,,0.010477500000,   0.00740,
,,,0.010477600000,   0.00680,
,,,0.010477700000,   0.00640,
,,,0.010477800000,   0.00660,
,,,0.010477900000,   0.00620,
,,,0.010478000000,   0.00600,
,,,0.010478100000,   0.00620,
,,,0.010478200000,   0.00700,
,,,0.010478300000,   0.00660,
,,,0.010478400000,   0.00700,
,,,0.010478500000,   0.00600,
,,,0.010478600000,   0.00640,
,,,0.010478700000,   0.00640,
,,,0.010478800000,   0.00640,
,,,0.010478900000,   0.00620,
,,,0.010479000000,   0.00660,
,,,0.010479100000,   0.00640,
,,,0.010479200000,   0.00640,
,,,0.010479300000,   0.00620,
,,,0.010479400000,   0.00660,
,,,0.010479500000,   0.00620,
,,,0.010479600000,   0.00620,
,,,0.010479700000,   0.00600,
,,,0.010479800000,   0.00640,
,,,0.010479900000,   0.00700,
,,,0.010480000000,   0.00580,
,,,0.010480100000,   0.00600,
,,,0.010480200000,   0.00580,
,,,0.010480300000,   0.00640,
,,,0.010480400000,   0.00620,
,,,0.010480500000,   0.00580,
,,,0.010480600000,   0.00580,
,,,0.010480700000,   0.00620,
,,,0.010480800000,   0.00600,
,,,0.010480900000,   0.00500,
,,,0.010481000000,   0.00580,
,,,0.010481100000,   0.00580,
,,,0.010481200000,   0.00520,
,,,0.010481300000,   0.00500,
,,,0.010481400000,   0.00620,
,,,0.010481500000,   0.00520,
,,,0.010481600000,   0.00640,
,,,0.010481700000,   0.00520,
,,,0.010481800000,   0.00600,
,,,0.010481900000,   0.00580,
,,,0.010482000000,   0.00520,
,,,0.010482100000,   0.00580,
,,,0.010482200000,   0.00540,
,,,0.010482300000,   0.00560,
,,,0.010482400000,   0.00520,
,,,0.010482500000,   0.00540,
,,,0.010482600000,   0.00560,
,,,0.010482700000,   0.00560,
,,,0.010482800000,   0.00540,
,,,0.010482900000,   0.00560,
,,,0.010483000000,   0.00560,
,,,0.010483100000,   0.00580,
,,,0.010483200000,   0.00520,
,,,0.010483300000,   0.00500,
,,,0.010483400000,   0.00440,
,,,0.010483500000,   0.00540,
,,,0.010483600000,   0.00500,
,,,0.010483700000,   0.00440,
,,,0.010483800000,   0.00480,
,,,0.010483900000,   0.00520,
,,,0.010484000000,   0.00480,
,,,0.010484100000,   0.00480,
,,,0.010484200000,   0.00500,
,,,0.010484300000,   0.00440,
,,,0.010484400000,   0.00480,
,,,0.010484500000,   0.00480,
,,,0.010484600000,   0.00480,
,,,0.010484700000,   0.00440,
,,,0.010484800000,   0.00520,
,,,0.010484900000,   0.00540,
,,,0.010485000000,   0.00420,
,,,0.010485100000,   0.00420,
,,,0.010485200000,   0.00520,
,,,0.010485300000,   0.00380,
,,,0.010485400000,   0.00500,
,,,0.010485500000,   0.00460,
,,,0.010485600000,   0.00520,
,,,0.010485700000,   0.00460,
,,,0.010485800000,   0.00440,
,,,0.010485900000,   0.00480,
,,,0.010486000000,   0.00440,
,,,0.010486100000,   0.00460,
,,,0.010486200000,   0.00500,
,,,0.010486300000,   0.00480,
,,,0.010486400000,   0.00480,
,,,0.010486500000,   0.00440,
,,,0.010486600000,   0.00500,
,,,0.010486700000,   0.00460,
,,,0.010486800000,   0.00440,
,,,0.010486900000,   0.00440,
,,,0.010487000000,   0.00440,
,,,0.010487100000,   0.00520,
,,,0.010487200000,   0.00460,
,,,0.010487300000,   0.00440,
,,,0.010487400000,   0.00440,
,,,0.010487500000,   0.00420,
,,,0.010487600000,   0.00400,
,,,0.010487700000,   0.00380,
,,,0.010487800000,   0.00360,
,,,0.010487900000,   0.00460,
,,,0.010488000000,   0.00360,
,,,0.010488100000,   0.00420,
,,,0.010488200000,   0.00400,
,,,0.010488300000,   0.00360,
,,,0.010488400000,   0.00360,
,,,0.010488500000,   0.00420,
,,,0.010488600000,   0.00480,
,,,0.010488700000,   0.00380,
,,,0.010488800000,   0.00360,
,,,0.010488900000,   0.00380,
,,,0.010489000000,   0.00440,
,,,0.010489100000,   0.00400,
,,,0.010489200000,   0.00400,
,,,0.010489300000,   0.00400,
,,,0.010489400000,   0.00380,
,,,0.010489500000,   0.00340,
,,,0.010489600000,   0.00340,
,,,0.010489700000,   0.00400,
,,,0.010489800000,   0.00380,
,,,0.010489900000,   0.00340,
,,,0.010490000000,   0.00340,
,,,0.010490100000,   0.00300,
,,,0.010490200000,   0.00340,
,,,0.010490300000,   0.00400,
,,,0.010490400000,   0.00380,
,,,0.010490500000,   0.00380,
,,,0.010490600000,   0.00360,
,,,0.010490700000,   0.00340,
,,,0.010490800000,   0.00420,
,,,0.010490900000,   0.00360,
,,,0.010491000000,   0.00340,
,,,0.010491100000,   0.00300,
,,,0.010491200000,   0.00380,
,,,0.010491300000,   0.00440,
,,,0.010491400000,   0.00360,
,,,0.010491500000,   0.00400,
,,,0.010491600000,   0.00320,
,,,0.010491700000,   0.00300,
,,,0.010491800000,   0.00340,
,,,0.010491900000,   0.00380,
,,,0.010492000000,   0.00400,
,,,0.010492100000,   0.00320,
,,,0.010492200000,   0.00380,
,,,0.010492300000,   0.00380,
,,,0.010492400000,   0.00400,
,,,0.010492500000,   0.00340,
,,,0.010492600000,   0.00340,
,,,0.010492700000,   0.00300,
,,,0.010492800000,   0.00300,
,,,0.010492900000,   0.00300,
,,,0.010493000000,   0.00300,
,,,0.010493100000,   0.00340,
,,,0.010493200000,   0.00340,
,,,0.010493300000,   0.00320,
,,,0.010493400000,   0.00360,
,,,0.010493500000,   0.00260,
,,,0.010493600000,   0.00380,
,,,0.010493700000,   0.00320,
,,,0.010493800000,   0.00240,
,,,0.010493900000,   0.00300,
,,,0.010494000000,   0.00260,
,,,0.010494100000,   0.00260,
,,,0.010494200000,   0.00300,
,,,0.010494300000,   0.00240,
,,,0.010494400000,   0.00340,
,,,0.010494500000,   0.00320,
,,,0.010494600000,   0.00300,
,,,0.010494700000,   0.00340,
,,,0.010494800000,   0.00300,
,,,0.010494900000,   0.00340,
,,,0.010495000000,   0.00280,
,,,0.010495100000,   0.00260,
,,,0.010495200000,   0.00300,
,,,0.010495300000,   0.00360,
,,,0.010495400000,   0.00340,
,,,0.010495500000,   0.00240,
,,,0.010495600000,   0.00260,
,,,0.010495700000,   0.00240,
,,,0.010495800000,   0.00220,
,,,0.010495900000,   0.00260,
,,,0.010496000000,   0.00320,
,,,0.010496100000,   0.00320,
,,,0.010496200000,   0.00340,
,,,0.010496300000,   0.00280,
,,,0.010496400000,   0.00280,
,,,0.010496500000,   0.00280,
,,,0.010496600000,   0.00260,
,,,0.010496700000,   0.00300,
,,,0.010496800000,   0.00300,
,,,0.010496900000,   0.00280,
,,,0.010497000000,   0.00280,
,,,0.010497100000,   0.00220,
,,,0.010497200000,   0.00320,
,,,0.010497300000,   0.00280,
,,,0.010497400000,   0.00320,
,,,0.010497500000,   0.00260,
,,,0.010497600000,   0.00300,
,,,0.010497700000,   0.00280,
,,,0.010497800000,   0.00260,
,,,0.010497900000,   0.00300,
,,,0.010498000000,   0.00260,
,,,0.010498100000,   0.00280,
,,,0.010498200000,   0.00260,
,,,0.010498300000,   0.00220,
,,,0.010498400000,   0.00260,
,,,0.010498500000,   0.00260,
,,,0.010498600000,   0.00280,
,,,0.010498700000,   0.00320,
,,,0.010498800000,   0.00300,
,,,0.010498900000,   0.00220,
,,,0.010499000000,   0.00240,
,,,0.010499100000,   0.00260,
,,,0.010499200000,   0.00260,
,,,0.010499300000,   0.00220,
,,,0.010499400000,   0.00220,
,,,0.010499500000,   0.00280,
,,,0.010499600000,   0.00220,
,,,0.010499700000,   0.00240,
,,,0.010499800000,   0.00280,
,,,0.010499900000,   0.00200,
,,,0.010500000000,   0.00260,
,,,0.010500100000,   0.00300,
,,,0.010500200000,   0.00260,
,,,0.010500300000,   0.00220,
,,,0.010500400000,   0.00200,
,,,0.010500500000,   0.00220,
,,,0.010500600000,   0.00220,
,,,0.010500700000,   0.00180,
,,,0.010500800000,   0.00220,
,,,0.010500900000,   0.00220,
,,,0.010501000000,   0.00180,
,,,0.010501100000,   0.00240,
,,,0.010501200000,   0.00240,
,,,0.010501300000,   0.00220,
,,,0.010501400000,   0.00300,
,,,0.010501500000,   0.00260,
,,,0.010501600000,   0.00220,
,,,0.010501700000,   0.00240,
,,,0.010501800000,   0.00220,
,,,0.010501900000,   0.00200,
,,,0.010502000000,   0.00240,
,,,0.010502100000,   0.00240,
,,,0.010502200000,   0.00180,
,,,0.010502300000,   0.00260,
,,,0.010502400000,   0.00220,
,,,0.010502500000,   0.00200,
,,,0.010502600000,   0.00160,
,,,0.010502700000,   0.00200,
,,,0.010502800000,   0.00220,
,,,0.010502900000,   0.00260,
,,,0.010503000000,   0.00220,
,,,0.010503100000,   0.00240,
,,,0.010503200000,   0.00200,
,,,0.010503300000,   0.00260,
,,,0.010503400000,   0.00240,
,,,0.010503500000,   0.00220,
,,,0.010503600000,   0.00220,
,,,0.010503700000,   0.00160,
,,,0.010503800000,   0.00180,
,,,0.010503900000,   0.00220,
,,,0.010504000000,   0.00200,
,,,0.010504100000,   0.00180,
,,,0.010504200000,   0.00180,
,,,0.010504300000,   0.00140,
,,,0.010504400000,   0.00080,
,,,0.010504500000,   0.00260,
,,,0.010504600000,   0.00220,
,,,0.010504700000,   0.00180,
,,,0.010504800000,   0.00200,
,,,0.010504900000,   0.00200,
,,,0.010505000000,   0.00160,
,,,0.010505100000,   0.00140,
,,,0.010505200000,   0.00200,
,,,0.010505300000,   0.00160,
,,,0.010505400000,   0.00160,
,,,0.010505500000,   0.00180,
,,,0.010505600000,   0.00200,
,,,0.010505700000,   0.00160,
,,,0.010505800000,   0.00160,
,,,0.010505900000,   0.00220,
,,,0.010506000000,   0.00220,
,,,0.010506100000,   0.00160,
,,,0.010506200000,   0.00220,
,,,0.010506300000,   0.00240,
,,,0.010506400000,   0.00200,
,,,0.010506500000,   0.00200,
,,,0.010506600000,   0.00160,
,,,0.010506700000,   0.00160,
,,,0.010506800000,   0.00140,
,,,0.010506900000,   0.00200,
,,,0.010507000000,   0.00240,
,,,0.010507100000,   0.00200,
,,,0.010507200000,   0.00140,
,,,0.010507300000,   0.00200,
,,,0.010507400000,   0.00160,
,,,0.010507500000,   0.00180,
,,,0.010507600000,   0.00200,
,,,0.010507700000,   0.00200,
,,,0.010507800000,   0.00200,
,,,0.010507900000,   0.00220,
,,,0.010508000000,   0.00160,
,,,0.010508100000,   0.00200,
,,,0.010508200000,   0.00120,
,,,0.010508300000,   0.00160,
,,,0.010508400000,   0.00140,
,,,0.010508500000,   0.00200,
,,,0.010508600000,   0.00220,
,,,0.010508700000,   0.00160,
,,,0.010508800000,   0.00200,
,,,0.010508900000,   0.00220,
,,,0.010509000000,   0.00100,
,,,0.010509100000,   0.00220,
,,,0.010509200000,   0.00200,
,,,0.010509300000,   0.00200,
,,,0.010509400000,   0.00140,
,,,0.010509500000,   0.00160,
,,,0.010509600000,   0.00140,
,,,0.010509700000,   0.00160,
,,,0.010509800000,   0.00140,
,,,0.010509900000,   0.00140,
,,,0.010510000000,   0.00160,
,,,0.010510100000,   0.00120,
,,,0.010510200000,   0.00120,
,,,0.010510300000,   0.00140,
,,,0.010510400000,   0.00220,
,,,0.010510500000,   0.00140,
,,,0.010510600000,   0.00160,
,,,0.010510700000,   0.00140,
,,,0.010510800000,   0.00140,
,,,0.010510900000,   0.00140,
,,,0.010511000000,   0.00200,
,,,0.010511100000,   0.00120,
,,,0.010511200000,   0.00180,
,,,0.010511300000,   0.00160,
,,,0.010511400000,   0.00180,
,,,0.010511500000,   0.00180,
,,,0.010511600000,   0.00180,
,,,0.010511700000,   0.00260,
,,,0.010511800000,   0.00220,
,,,0.010511900000,   0.00100,
,,,0.010512000000,   0.00160,
,,,0.010512100000,   0.00100,
,,,0.010512200000,   0.00200,
,,,0.010512300000,   0.00200,
,,,0.010512400000,   0.00180,
,,,0.010512500000,   0.00220,
,,,0.010512600000,   0.00140,
,,,0.010512700000,   0.00180,
,,,0.010512800000,   0.00160,
,,,0.010512900000,   0.00060,
,,,0.010513000000,   0.00120,
,,,0.010513100000,   0.00140,
,,,0.010513200000,   0.00080,
,,,0.010513300000,   0.00100,
,,,0.010513400000,   0.00140,
,,,0.010513500000,   0.00120,
,,,0.010513600000,   0.00180,
,,,0.010513700000,   0.00120,
,,,0.010513800000,   0.00140,
,,,0.010513900000,   0.00140,
,,,0.010514000000,   0.00140,
,,,0.010514100000,   0.00160,
,,,0.010514200000,   0.00120,
,,,0.010514300000,   0.00080,
,,,0.010514400000,   0.00180,
,,,0.010514500000,   0.00180,
,,,0.010514600000,   0.00140,
,,,0.010514700000,   0.00160,
,,,0.010514800000,   0.00200,
,,,0.010514900000,   0.00200,
,,,0.010515000000,   0.00100,
,,,0.010515100000,   0.00160,
,,,0.010515200000,   0.00140,
,,,0.010515300000,   0.00160,
,,,0.010515400000,   0.00120,
,,,0.010515500000,   0.00140,
,,,0.010515600000,   0.00100,
,,,0.010515700000,   0.00120,
,,,0.010515800000,   0.00160,
,,,0.010515900000,   0.00140,
,,,0.010516000000,   0.00180,
,,,0.010516100000,   0.00140,
,,,0.010516200000,   0.00080,
,,,0.010516300000,   0.00140,
,,,0.010516400000,   0.00120,
,,,0.010516500000,   0.00160,
,,,0.010516600000,   0.00120,
,,,0.010516700000,   0.00140,
,,,0.010516800000,   0.00160,
,,,0.010516900000,   0.00080,
,,,0.010517000000,   0.00140,
,,,0.010517100000,   0.00120,
,,,0.010517200000,   0.00140,
,,,0.010517300000,   0.00120,
,,,0.010517400000,   0.00140,
,,,0.010517500000,   0.00100,
,,,0.010517600000,   0.00140,
,,,0.010517700000,   0.00140,
,,,0.010517800000,   0.00140,
,,,0.010517900000,   0.00120,
,,,0.010518000000,   0.00140,
,,,0.010518100000,   0.00120,
,,,0.010518200000,   0.00020,
,,,0.010518300000,   0.00140,
,,,0.010518400000,   0.00060,
,,,0.010518500000,   0.00120,
,,,0.010518600000,   0.00100,
,,,0.010518700000,   0.00100,
,,,0.010518800000,   0.00160,
,,,0.010518900000,   0.00060,
,,,0.010519000000,   0.00140,
,,,0.010519100000,   0.00080,
,,,0.010519200000,   0.00100,
,,,0.010519300000,   0.00040,
,,,0.010519400000,   0.00120,
,,,0.010519500000,   0.00060,
,,,0.010519600000,   0.00040,
,,,0.010519700000,   0.00060,
,,,0.010519800000,   0.00100,
,,,0.010519900000,   0.00120,
,,,0.010520000000,   0.00040,
,,,0.010520100000,   0.00020,
,,,0.010520200000,   0.00100,
,,,0.010520300000,   0.00020,
,,,0.010520400000,   0.00120,
,,,0.010520500000,   0.00020,
,,,0.010520600000,   0.00100,
,,,0.010520700000,   0.00160,
,,,0.010520800000,   0.00180,
,,,0.010520900000,   0.00080,
,,,0.010521000000,   0.00160,
,,,0.010521100000,   0.00080,
,,,0.010521200000,   0.00140,
,,,0.010521300000,   0.00060,
,,,0.010521400000,   0.00160,
,,,0.010521500000,   0.00120,
,,,0.010521600000,   0.00140,
,,,0.010521700000,   0.00140,
,,,0.010521800000,   0.00120,
,,,0.010521900000,   0.00040,
,,,0.010522000000,   0.00100,
,,,0.010522100000,   0.00140,
,,,0.010522200000,   0.00120,
,,,0.010522300000,   0.00060,
,,,0.010522400000,   0.00080,
,,,0.010522500000,   0.00060,
,,,0.010522600000,   0.00080,
,,,0.010522700000,   0.00080,
,,,0.010522800000,   0.00120,
,,,0.010522900000,   0.00120,
,,,0.010523000000,   0.00040,
,,,0.010523100000,   0.00040,
,,,0.010523200000,   0.00100,
,,,0.010523300000,   0.00000,
,,,0.010523400000,   0.00120,
,,,0.010523500000,   0.00140,
,,,0.010523600000,   0.00120,
,,,0.010523700000,   0.00100,
,,,0.010523800000,   0.00020,
,,,0.010523900000,   0.00000,
,,,0.010524000000,   0.00040,
,,,0.010524100000,   0.00040,
,,,0.010524200000,   0.00020,
,,,0.010524300000,   0.00100,
,,,0.010524400000,   0.00040,
,,,0.010524500000,   0.00040,
,,,0.010524600000,   0.00080,
,,,0.010524700000,   0.00040,
,,,0.010524800000,   0.00000,
,,,0.010524900000,   0.00020,
,,,0.010525000000,   0.00120,
,,,0.010525100000,   0.00080,
,,,0.010525200000,   0.00100,
,,,0.010525300000,   0.00080,
,,,0.010525400000,   0.00080,
,,,0.010525500000,   0.00040,
,,,0.010525600000,   0.00160,
,,,0.010525700000,   0.00120,
,,,0.010525800000,   0.00120,
,,,0.010525900000,   0.00080,
,,,0.010526000000,   0.00040,
,,,0.010526100000,   0.00060,
,,,0.010526200000,   0.00080,
,,,0.010526300000,   0.00020,
,,,0.010526400000,   0.00080,
,,,0.010526500000,   0.00080,
,,,0.010526600000,   0.00080,
,,,0.010526700000,   0.00100,
,,,0.010526800000,   0.00100,
,,,0.010526900000,   0.00060,
,,,0.010527000000,   0.00120,
,,,0.010527100000,   0.00060,
,,,0.010527200000,   0.00140,
,,,0.010527300000,   0.00080,
,,,0.010527400000,   0.00100,
,,,0.010527500000,   0.00120,
,,,0.010527600000,   0.00100,
,,,0.010527700000,   0.00100,
,,,0.010527800000,   0.00140,
,,,0.010527900000,   0.00120,
,,,0.010528000000,   0.00060,
,,,0.010528100000,   0.00120,
,,,0.010528200000,   0.00100,
,,,0.010528300000,   0.00100,
,,,0.010528400000,   0.00120,
,,,0.010528500000,   0.00100,
,,,0.010528600000,   0.00100,
,,,0.010528700000,   0.00080,
,,,0.010528800000,   0.00040,
,,,0.010528900000,   0.00100,
,,,0.010529000000,   0.00040,
,,,0.010529100000,  -0.00020,
,,,0.010529200000,   0.00020,
,,,0.010529300000,   0.00040,
,,,0.010529400000,   0.00040,
,,,0.010529500000,   0.00040,
,,,0.010529600000,   0.00100,
,,,0.010529700000,   0.00020,
,,,0.010529800000,   0.00020,
,,,0.010529900000,   0.00060,
,,,0.010530000000,   0.00120,
,,,0.010530100000,   0.00080,
,,,0.010530200000,   0.00080,
,,,0.010530300000,   0.00060,
,,,0.010530400000,   0.00040,
,,,0.010530500000,   0.00000,
,,,0.010530600000,   0.00080,
,,,0.010530700000,   0.00000,
,,,0.010530800000,   0.00120,
,,,0.010530900000,   0.00080,
,,,0.010531000000,   0.00060,
,,,0.010531100000,   0.00140,
,,,0.010531200000,   0.00100,
,,,0.010531300000,   0.00140,
,,,0.010531400000,   0.00100,
,,,0.010531500000,   0.00160,
,,,0.010531600000,   0.00020,
,,,0.010531700000,   0.00120,
,,,0.010531800000,   0.00100,
,,,0.010531900000,   0.00060,
,,,0.010532000000,   0.00080,
,,,0.010532100000,   0.00060,
,,,0.010532200000,   0.00040,
,,,0.010532300000,   0.00080,
,,,0.010532400000,   0.00120,
,,,0.010532500000,   0.00000,
,,,0.010532600000,   0.00100,
,,,0.010532700000,   0.00080,
,,,0.010532800000,   0.00040,
,,,0.010532900000,   0.00060,
,,,0.010533000000,   0.00100,
,,,0.010533100000,   0.00040,
,,,0.010533200000,   0.00100,
,,,0.010533300000,   0.00060,
,,,0.010533400000,   0.00060,
,,,0.010533500000,   0.00120,
,,,0.010533600000,   0.00040,
,,,0.010533700000,   0.00020,
,,,0.010533800000,   0.00060,
,,,0.010533900000,   0.00040,
,,,0.010534000000,   0.00060,
,,,0.010534100000,   0.00040,
,,,0.010534200000,   0.00120,
,,,0.010534300000,   0.00080,
,,,0.010534400000,   0.00060,
,,,0.010534500000,   0.00040,
,,,0.010534600000,   0.00060,
,,,0.010534700000,   0.00040,
,,,0.010534800000,   0.00060,
,,,0.010534900000,   0.00120,
,,,0.010535000000,   0.00060,
,,,0.010535100000,   0.00040,
,,,0.010535200000,   0.00100,
,,,0.010535300000,   0.00040,
,,,0.010535400000,   0.00020,
,,,0.010535500000,   0.00020,
,,,0.010535600000,   0.00040,
,,,0.010535700000,   0.00040,
,,,0.010535800000,  -0.00020,
,,,0.010535900000,   0.00060,
,,,0.010536000000,   0.00060,
,,,0.010536100000,   0.00020,
,,,0.010536200000,   0.00040,
,,,0.010536300000,  -0.00060,
,,,0.010536400000,   0.00020,
,,,0.010536500000,   0.00000,
,,,0.010536600000,   0.00040,
,,,0.010536700000,   0.00080,
,,,0.010536800000,   0.00040,
,,,0.010536900000,   0.00100,
,,,0.010537000000,   0.00040,
,,,0.010537100000,   0.00100,
,,,0.010537200000,   0.00120,
,,,0.010537300000,   0.00020,
,,,0.010537400000,   0.00100,
,,,0.010537500000,   0.00040,
,,,0.010537600000,   0.00080,
,,,0.010537700000,   0.00100,
,,,0.010537800000,   0.00040,
,,,0.010537900000,   0.00000,
,,,0.010538000000,   0.00100,
,,,0.010538100000,   0.00040,
,,,0.010538200000,   0.00060,
,,,0.010538300000,   0.00100,
,,,0.010538400000,   0.00080,
,,,0.010538500000,   0.00040,
,,,0.010538600000,   0.00080,
,,,0.010538700000,   0.00040,
,,,0.010538800000,   0.00020,
,,,0.010538900000,   0.00080,
,,,0.010539000000,   0.00080,
,,,0.010539100000,   0.00040,
,,,0.010539200000,   0.00060,
,,,0.010539300000,   0.00080,
,,,0.010539400000,   0.00060,
,,,0.010539500000,   0.00000,
,,,0.010539600000,   0.00020,
,,,0.010539700000,   0.00080,
,,,0.010539800000,   0.00060,
,,,0.010539900000,   0.00060,
,,,0.010540000000,   0.00020,
,,,0.010540100000,   0.00040,
,,,0.010540200000,   0.00040,
,,,0.010540300000,   0.00080,
,,,0.010540400000,   0.00000,
,,,0.010540500000,   0.00100,
,,,0.010540600000,   0.00100,
,,,0.010540700000,   0.00020,
,,,0.010540800000,   0.00080,
,,,0.010540900000,   0.00080,
,,,0.010541000000,   0.00120,
,,,0.010541100000,   0.00080,
,,,0.010541200000,   0.00080,
,,,0.010541300000,   0.00060,
,,,0.010541400000,   0.00080,
,,,0.010541500000,   0.00080,
,,,0.010541600000,   0.00020,
,,,0.010541700000,   0.00040,
,,,0.010541800000,   0.00060,
,,,0.010541900000,   0.00020,
,,,0.010542000000,   0.00080,
,,,0.010542100000,   0.00020,
,,,0.010542200000,   0.00060,
,,,0.010542300000,   0.00080,
,,,0.010542400000,   0.00040,
,,,0.010542500000,   0.00080,
,,,0.010542600000,   0.00040,
,,,0.010542700000,   0.00020,
,,,0.010542800000,   0.00040,
,,,0.010542900000,   0.00020,
,,,0.010543000000,   0.00060,
,,,0.010543100000,   0.00060,
,,,0.010543200000,   0.00080,
,,,0.010543300000,   0.00040,
,,,0.010543400000,   0.00040,
,,,0.010543500000,   0.00000,
,,,0.010543600000,   0.00040,
,,,0.010543700000,   0.00080,
,,,0.010543800000,   0.00060,
,,,0.010543900000,   0.00040,
,,,0.010544000000,   0.00120,
,,,0.010544100000,   0.00080,
,,,0.010544200000,   0.00100,
,,,0.010544300000,   0.00080,
,,,0.010544400000,  -0.00020,
,,,0.010544500000,   0.00000,
,,,0.010544600000,   0.00100,
,,,0.010544700000,   0.00000,
,,,0.010544800000,   0.00080,
,,,0.010544900000,   0.00100,
,,,0.010545000000,   0.00080,
,,,0.010545100000,   0.00000,
,,,0.010545200000,   0.00040,
,,,0.010545300000,   0.00020,
,,,0.010545400000,   0.00060,
,,,0.010545500000,   0.00060,
,,,0.010545600000,  -0.00040,
,,,0.010545700000,   0.00060,
,,,0.010545800000,   0.00080,
,,,0.010545900000,   0.00040,
,,,0.010546000000,   0.00080,
,,,0.010546100000,   0.00040,
,,,0.010546200000,   0.00060,
,,,0.010546300000,   0.00100,
,,,0.010546400000,   0.00080,
,,,0.010546500000,   0.00060,
,,,0.010546600000,   0.00080,
,,,0.010546700000,   0.00080,
,,,0.010546800000,   0.00060,
,,,0.010546900000,   0.00080,
,,,0.010547000000,   0.00080,
,,,0.010547100000,   0.00040,
,,,0.010547200000,   0.00060,
,,,0.010547300000,   0.00020,
,,,0.010547400000,   0.00060,
,,,0.010547500000,   0.00080,
,,,0.010547600000,   0.00040,
,,,0.010547700000,   0.00040,
,,,0.010547800000,   0.00000,
,,,0.010547900000,   0.00040,
,,,0.010548000000,   0.00040,
,,,0.010548100000,   0.00060,
,,,0.010548200000,   0.00080,
,,,0.010548300000,   0.00040,
,,,0.010548400000,   0.00020,
,,,0.010548500000,   0.00080,
,,,0.010548600000,   0.00040,
,,,0.010548700000,   0.00040,
,,,0.010548800000,  -0.00020,
,,,0.010548900000,  -0.00060,
,,,0.010549000000,   0.00060,
,,,0.010549100000,   0.00020,
,,,0.010549200000,   0.00000,
,,,0.010549300000,   0.00020,
,,,0.010549400000,   0.00080,
,,,0.010549500000,   0.00060,
,,,0.010549600000,   0.00060,
,,,0.010549700000,   0.00000,
,,,0.010549800000,   0.00040,
,,,0.010549900000,   0.00040,
,,,0.010550000000,  -0.00040,
,,,0.010550100000,   0.00000,
,,,0.010550200000,   0.00060,
,,,0.010550300000,   0.00020,
,,,0.010550400000,   0.00060,
,,,0.010550500000,   0.00040,
,,,0.010550600000,   0.00020,
,,,0.010550700000,   0.00040,
,,,0.010550800000,   0.00040,
,,,0.010550900000,   0.00160,
,,,0.010551000000,   0.00080,
,,,0.010551100000,   0.00040,
,,,0.010551200000,   0.00060,
,,,0.010551300000,   0.00080,
,,,0.010551400000,  -0.00020,
,,,0.010551500000,   0.00040,
,,,0.010551600000,   0.00020,
,,,0.010551700000,   0.00020,
,,,0.010551800000,   0.00040,
,,,0.010551900000,   0.00120,
,,,0.010552000000,   0.00060,
,,,0.010552100000,   0.00040,
,,,0.010552200000,   0.00040,
,,,0.010552300000,   0.00000,
,,,0.010552400000,   0.00060,
,,,0.010552500000,   0.00000,
,,,0.010552600000,   0.00020,
,,,0.010552700000,  -0.00020,
,,,0.010552800000,   0.00100,
,,,0.010552900000,   0.00000,
,,,0.010553000000,   0.00080,
,,,0.010553100000,   0.00000,
,,,0.010553200000,   0.00060,
,,,0.010553300000,   0.00080,
,,,0.010553400000,   0.00000,
,,,0.010553500000,   0.00020,
,,,0.010553600000,   0.00060,
,,,0.010553700000,  -0.00020,
,,,0.010553800000,   0.00000,
,,,0.010553900000,   0.00000,
,,,0.010554000000,   0.00060,
,,,0.010554100000,   0.00040,
,,,0.010554200000,   0.00060,
,,,0.010554300000,  -0.00020,
,,,0.010554400000,   0.00000,
,,,0.010554500000,   0.00040,
,,,0.010554600000,   0.00040,
,,,0.010554700000,  -0.00020,
,,,0.010554800000,   0.00040,
,,,0.010554900000,   0.00120,
,,,0.010555000000,   0.00100,
,,,0.010555100000,   0.00020,
,,,0.010555200000,  -0.00020,
,,,0.010555300000,   0.00040,
,,,0.010555400000,   0.00020,
,,,0.010555500000,   0.00120,
,,,0.010555600000,  -0.00020,
,,,0.010555700000,   0.00120,
,,,0.010555800000,   0.00140,
,,,0.010555900000,   0.00020,
,,,0.010556000000,   0.00040,
,,,0.010556100000,   0.00080,
,,,0.010556200000,   0.00040,
,,,0.010556300000,   0.00020,
,,,0.010556400000,   0.00000,
,,,0.010556500000,   0.00040,
,,,0.010556600000,   0.00040,
,,,0.010556700000,   0.00100,
,,,0.010556800000,   0.00080,
,,,0.010556900000,   0.00160,
,,,0.010557000000,   0.00060,
,,,0.010557100000,   0.00020,
,,,0.010557200000,   0.00040,
,,,0.010557300000,   0.00060,
,,,0.010557400000,   0.00140,
,,,0.010557500000,   0.00060,
,,,0.010557600000,  -0.00020,
,,,0.010557700000,  -0.00040,
,,,0.010557800000,   0.00020,
,,,0.010557900000,   0.00020,
,,,0.010558000000,  -0.00060,
,,,0.010558100000,   0.00040,
,,,0.010558200000,   0.00020,
,,,0.010558300000,   0.00080,
,,,0.010558400000,   0.00100,
,,,0.010558500000,   0.00040,
,,,0.010558600000,   0.00000,
,,,0.010558700000,  -0.00040,
,,,0.010558800000,   0.00060,
,,,0.010558900000,   0.00020,
,,,0.010559000000,   0.00020,
,,,0.010559100000,   0.00060,
,,,0.010559200000,   0.00020,
,,,0.010559300000,   0.00080,
,,,0.010559400000,   0.00020,
,,,0.010559500000,   0.00080,
,,,0.010559600000,   0.00020,
,,,0.010559700000,   0.00020,
,,,0.010559800000,   0.00060,
,,,0.010559900000,   0.00060,
,,,0.010560000000,   0.00020,
,,,0.010560100000,   0.00040,
,,,0.010560200000,   0.00020,
,,,0.010560300000,   0.00020,
,,,0.010560400000,   0.00040,
,,,0.010560500000,   0.00060,
,,,0.010560600000,   0.00040,
,,,0.010560700000,   0.00040,
,,,0.010560800000,   0.00100,
,,,0.010560900000,   0.00040,
,,,0.010561000000,   0.00080,
,,,0.010561100000,   0.00060,
,,,0.010561200000,   0.00100,
,,,0.010561300000,   0.00060,
,,,0.010561400000,   0.00040,
,,,0.010561500000,   0.00040,
,,,0.010561600000,   0.00060,
,,,0.010561700000,   0.00020,
,,,0.010561800000,   0.00100,
,,,0.010561900000,  -0.00020,
,,,0.010562000000,   0.00040,
,,,0.010562100000,   0.00080,
,,,0.010562200000,  -0.00020,
,,,0.010562300000,  -0.00040,
,,,0.010562400000,   0.00020,
,,,0.010562500000,   0.00060,
,,,0.010562600000,   0.00020,
,,,0.010562700000,   0.00000,
,,,0.010562800000,   0.00020,
,,,0.010562900000,   0.00020,
,,,0.010563000000,   0.00020,
,,,0.010563100000,   0.00020,
,,,0.010563200000,   0.00060,
,,,0.010563300000,   0.00020,
,,,0.010563400000,   0.00060,
,,,0.010563500000,  -0.00020,
,,,0.010563600000,   0.00080,
,,,0.010563700000,  -0.00040,
,,,0.010563800000,   0.00060,
,,,0.010563900000,   0.00040,
,,,0.010564000000,   0.00040,
,,,0.010564100000,   0.00040,
,,,0.010564200000,   0.00020,
,,,0.010564300000,  -0.00020,
,,,0.010564400000,   0.00020,
,,,0.010564500000,   0.00000,
,,,0.010564600000,   0.00000,
,,,0.010564700000,  -0.00040,
,,,0.010564800000,   0.00040,
,,,0.010564900000,  -0.00020,
,,,0.010565000000,   0.00080,
,,,0.010565100000,   0.00040,
,,,0.010565200000,  -0.00020,
,,,0.010565300000,   0.00080,
,,,0.010565400000,   0.00040,
,,,0.010565500000,   0.00060,
,,,0.010565600000,   0.00120,
,,,0.010565700000,   0.00080,
,,,0.010565800000,   0.00040,
,,,0.010565900000,   0.00060,
,,,0.010566000000,   0.00020,
,,,0.010566100000,   0.00020,
,,,0.010566200000,   0.00020,
,,,0.010566300000,   0.00060,
,,,0.010566400000,   0.00000,
,,,0.010566500000,   0.00020,
,,,0.010566600000,   0.00040,
,,,0.010566700000,   0.00060,
,,,0.010566800000,   0.00040,
,,,0.010566900000,   0.00040,
,,,0.010567000000,   0.00000,
,,,0.010567100000,   0.00060,
,,,0.010567200000,   0.00080,
,,,0.010567300000,   0.00100,
,,,0.010567400000,   0.00060,
,,,0.010567500000,   0.00040,
,,,0.010567600000,  -0.00040,
,,,0.010567700000,  -0.00020,
,,,0.010567800000,   0.00060,
,,,0.010567900000,  -0.00020,
,,,0.010568000000,  -0.00020,
,,,0.010568100000,   0.00020,
,,,0.010568200000,   0.00020,
,,,0.010568300000,   0.00020,
,,,0.010568400000,   0.00060,
,,,0.010568500000,   0.00000,
,,,0.010568600000,   0.00020,
,,,0.010568700000,   0.00020,
,,,0.010568800000,  -0.00020,
,,,0.010568900000,   0.00040,
,,,0.010569000000,   0.00020,
,,,0.010569100000,   0.00000,
,,,0.010569200000,   0.00020,
,,,0.010569300000,   0.00100,
,,,0.010569400000,   0.00020,
,,,0.010569500000,   0.00020,
,,,0.010569600000,   0.00000,
,,,0.010569700000,   0.00000,
,,,0.010569800000,   0.00100,
,,,0.010569900000,  -0.00020,
,,,0.010570000000,  -0.00020,
,,,0.010570100000,   0.00000,
,,,0.010570200000,   0.00060,
,,,0.010570300000,   0.00000,
,,,0.010570400000,   0.00020,
,,,0.010570500000,   0.00080,
,,,0.010570600000,   0.00000,
,,,0.010570700000,   0.00060,
,,,0.010570800000,   0.00020,
,,,0.010570900000,   0.00060,
,,,0.010571000000,   0.00040,
,,,0.010571100000,   0.00100,
,,,0.010571200000,   0.00080,
,,,0.010571300000,   0.00060,
,,,0.010571400000,  -0.00040,
,,,0.010571500000,   0.00020,
,,,0.010571600000,   0.00100,
,,,0.010571700000,   0.00080,
,,,0.010571800000,   0.00000,
,,,0.010571900000,   0.00040,
,,,0.010572000000,   0.00000,
,,,0.010572100000,   0.00000,
,,,0.010572200000,   0.00060,
,,,0.010572300000,  -0.00020,
,,,0.010572400000,   0.00020,
,,,0.010572500000,   0.00000,
,,,0.010572600000,   0.00020,
,,,0.010572700000,   0.00020,
,,,0.010572800000,   0.00000,
,,,0.010572900000,   0.00020,
,,,0.010573000000,   0.00100,
,,,0.010573100000,  -0.00020,
,,,0.010573200000,   0.00000,
,,,0.010573300000,   0.00080,
,,,0.010573400000,   0.00000,
,,,0.010573500000,  -0.00020,
,,,0.010573600000,   0.00000,
,,,0.010573700000,   0.00020,
,,,0.010573800000,   0.00060,
,,,0.010573900000,   0.00020,
,,,0.010574000000,   0.00020,
,,,0.010574100000,   0.00060,
,,,0.010574200000,   0.00000,
,,,0.010574300000,  -0.00040,
,,,0.010574400000,   0.00020,
,,,0.010574500000,   0.00000,
,,,0.010574600000,  -0.00020,
,,,0.010574700000,   0.00000,
,,,0.010574800000,   0.00040,
,,,0.010574900000,   0.00000,
,,,0.010575000000,   0.00000,
,,,0.010575100000,   0.00000,
,,,0.010575200000,   0.00000,
,,,0.010575300000,   0.00000,
,,,0.010575400000,  -0.00040,
,,,0.010575500000,   0.00000,
,,,0.010575600000,   0.00060,
,,,0.010575700000,  -0.00040,
,,,0.010575800000,   0.00000,
,,,0.010575900000,  -0.00040,
,,,0.010576000000,   0.00020,
,,,0.010576100000,   0.00000,
,,,0.010576200000,   0.00040,
,,,0.010576300000,   0.00040,
,,,0.010576400000,  -0.00020,
,,,0.010576500000,   0.00040,
,,,0.010576600000,  -0.00020,
,,,0.010576700000,  -0.00020,
,,,0.010576800000,   0.00020,
,,,0.010576900000,  -0.00020,
,,,0.010577000000,   0.00000,
,,,0.010577100000,   0.00060,
,,,0.010577200000,   0.00000,
,,,0.010577300000,  -0.00040,
,,,0.010577400000,  -0.00020,
,,,0.010577500000,  -0.00040,
,,,0.010577600000,  -0.00020,
,,,0.010577700000,   0.00000,
,,,0.010577800000,  -0.00040,
,,,0.010577900000,   0.00020,
,,,0.010578000000,   0.00020,
,,,0.010578100000,   0.00060,
,,,0.010578200000,   0.00000,
,,,0.010578300000,  -0.00040,
,,,0.010578400000,   0.00040,
,,,0.010578500000,  -0.00020,
,,,0.010578600000,   0.00000,
,,,0.010578700000,   0.00040,
,,,0.010578800000,   0.00060,
,,,0.010578900000,   0.00040,
,,,0.010579000000,  -0.00020,
,,,0.010579100000,   0.00000,
,,,0.010579200000,   0.00020,
,,,0.010579300000,   0.00000,
,,,0.010579400000,   0.00080,
,,,0.010579500000,   0.00020,
,,,0.010579600000,   0.00040,
,,,0.010579700000,   0.00040,
,,,0.010579800000,   0.00020,
,,,0.010579900000,  -0.00020,
,,,0.010580000000,   0.00000,
,,,0.010580100000,  -0.00040,
,,,0.010580200000,   0.00040,
,,,0.010580300000,   0.00020,
,,,0.010580400000,   0.00040,
,,,0.010580500000,   0.00000,
,,,0.010580600000,   0.00080,
,,,0.010580700000,   0.00000,
,,,0.010580800000,  -0.00020,
,,,0.010580900000,  -0.00040,
