0.E+0,-4.62506E-1,
2.50125E-3,-4.46506E-1,
5.0025E-3,-4.58506E-1,
7.50375E-3,-4.46506E-1,
1.0005E-2,-4.62506E-1,
1.25063E-2,-4.38506E-1,
1.50075E-2,-4.58506E-1,
1.75088E-2,-4.42506E-1,
2.001E-2,-4.54506E-1,
2.25113E-2,-4.42506E-1,
2.50125E-2,-4.58506E-1,
2.75138E-2,-4.42506E-1,
3.0015E-2,-4.58506E-1,
3.25163E-2,-4.42506E-1,
3.50175E-2,-4.58506E-1,
3.75188E-2,-4.46506E-1,
4.002E-2,-4.54506E-1,
4.25213E-2,-4.42506E-1,
4.50225E-2,-4.54506E-1,
4.75238E-2,-4.42506E-1,
5.0025E-2,-4.66506E-1,
5.25263E-2,-4.38506E-1,
5.50275E-2,-4.54506E-1,
5.75288E-2,-4.30506E-1,
6.003E-2,-4.50506E-1,
6.25313E-2,-4.30506E-1,
6.50325E-2,-4.54506E-1,
6.75338E-2,-4.34506E-1,
7.0035E-2,-4.54506E-1,
7.25363E-2,-4.38506E-1,
7.50375E-2,-4.50506E-1,
7.75388E-2,-4.34506E-1,
8.004E-2,-4.46506E-1,
8.25413E-2,-4.30506E-1,
8.50425E-2,-4.46506E-1,
8.75438E-2,-4.22506E-1,
9.0045E-2,-4.46506E-1,
9.25463E-2,-4.30506E-1,
9.50475E-2,-4.46506E-1,
9.75488E-2,-4.26506E-1,
1.0005E-1,-4.42506E-1,
1.02551E-1,-4.26506E-1,
1.05053E-1,-4.38506E-1,
1.07554E-1,-4.30506E-1,
1.10055E-1,-4.38506E-1,
1.12556E-1,-4.26506E-1,
1.15058E-1,-4.38506E-1,
1.17559E-1,-4.26506E-1,
1.2006E-1,-4.38506E-1,
1.22561E-1,-4.22506E-1,
1.25063E-1,-4.38506E-1,
1.27564E-1,-4.26506E-1,
1.30065E-1,-4.38506E-1,
1.32566E-1,-4.22506E-1,
1.35068E-1,-4.34506E-1,
1.37569E-1,-4.10506E-1,
1.4007E-1,-4.38506E-1,
1.42571E-1,-4.18506E-1,
1.45073E-1,-4.34506E-1,
1.47574E-1,-4.18506E-1,
1.50075E-1,-4.34506E-1,
1.52576E-1,-4.14506E-1,
1.55078E-1,-4.38506E-1,
1.57579E-1,-4.10506E-1,
1.6008E-1,-4.30506E-1,
1.62581E-1,-4.14506E-1,
1.65083E-1,-4.30506E-1,
1.67584E-1,-4.10506E-1,
1.70085E-1,-4.26506E-1,
1.72586E-1,-4.10506E-1,
1.75088E-1,-4.30506E-1,
1.77589E-1,-4.14506E-1,
1.8009E-1,-4.30506E-1,
1.82591E-1,-4.14506E-1,
1.85093E-1,-4.22506E-1,
1.87594E-1,-4.14506E-1,
1.90095E-1,-4.26506E-1,
1.92596E-1,-4.06506E-1,
1.95098E-1,-4.26506E-1,
1.97599E-1,-4.10506E-1,
2.001E-1,-4.26506E-1,
2.02601E-1,-4.06506E-1,
2.05103E-1,-4.26506E-1,
2.07604E-1,-4.06506E-1,
2.10105E-1,-4.26506E-1,
2.12606E-1,-4.02506E-1,
2.15108E-1,-4.18506E-1,
2.17609E-1,-3.98506E-1,
2.2011E-1,-4.22506E-1,
2.22611E-1,-4.02506E-1,
2.25113E-1,-4.18506E-1,
2.27614E-1,-4.02506E-1,
2.30115E-1,-4.14506E-1,
2.32616E-1,-4.02506E-1,
2.35118E-1,-4.14506E-1,
2.37619E-1,-4.02506E-1,
2.4012E-1,-4.14506E-1,
2.42621E-1,-3.90506E-1,
2.45123E-1,-4.18506E-1,
2.47624E-1,-4.02506E-1,
2.50125E-1,-4.14506E-1,
2.52626E-1,-3.98506E-1,
2.55128E-1,-4.14506E-1,
2.57629E-1,-3.98506E-1,
2.6013E-1,-4.14506E-1,
2.62631E-1,-3.94506E-1,
2.65133E-1,-4.10506E-1,
2.67634E-1,-3.94506E-1,
2.70135E-1,-4.10506E-1,
2.72636E-1,-3.94506E-1,
2.75138E-1,-4.18506E-1,
2.77639E-1,-3.98506E-1,
2.8014E-1,-4.10506E-1,
2.82641E-1,-3.94506E-1,
2.85143E-1,-4.06506E-1,
2.87644E-1,-3.94506E-1,
2.90145E-1,-4.06506E-1,
2.92646E-1,-3.90506E-1,
2.95148E-1,-4.06506E-1,
2.97649E-1,-3.90506E-1,
3.0015E-1,-4.02506E-1,
3.02651E-1,-3.90506E-1,
3.05153E-1,-4.02506E-1,
3.07654E-1,-3.90506E-1,
3.10155E-1,-4.02506E-1,
3.12656E-1,-3.86506E-1,
3.15158E-1,-4.06506E-1,
3.17659E-1,-3.86506E-1,
3.2016E-1,-4.02506E-1,
3.22661E-1,-3.82506E-1,
3.25163E-1,-4.02506E-1,
3.27664E-1,-3.78506E-1,
3.30165E-1,-4.02506E-1,
3.32666E-1,-3.82506E-1,
3.35168E-1,-3.98506E-1,
3.37669E-1,-3.74506E-1,
3.4017E-1,-3.98506E-1,
3.42671E-1,-3.78506E-1,
3.45173E-1,-3.94506E-1,
3.47674E-1,-3.78506E-1,
3.50175E-1,-3.94506E-1,
3.52676E-1,-3.78506E-1,
3.55178E-1,-3.98506E-1,
3.57679E-1,-3.74506E-1,
3.6018E-1,-3.94506E-1,
3.62681E-1,-3.74506E-1,
3.65183E-1,-3.94506E-1,
3.67684E-1,-3.74506E-1,
3.70185E-1,-3.90506E-1,
3.72686E-1,-3.66506E-1,
3.75188E-1,-3.94506E-1,
3.77689E-1,-3.74506E-1,
3.8019E-1,-3.90506E-1,
3.82691E-1,-3.74506E-1,
3.85193E-1,-3.90506E-1,
3.87694E-1,-3.70506E-1,
3.90195E-1,-3.90506E-1,
3.92696E-1,-3.70506E-1,
3.95198E-1,-3.86506E-1,
3.97699E-1,-3.70506E-1,
4.002E-1,-3.82506E-1,
4.02701E-1,-3.70506E-1,
4.05203E-1,-3.82506E-1,
4.07704E-1,-3.70506E-1,
4.10205E-1,-3.82506E-1,
4.12706E-1,-3.62506E-1,
4.15208E-1,-3.82506E-1,
4.17709E-1,-3.50506E-1,
4.2021E-1,-3.82506E-1,
4.22711E-1,-3.70506E-1,
4.25213E-1,-3.82506E-1,
4.27714E-1,-3.62506E-1,
4.30215E-1,-3.78506E-1,
4.32716E-1,-3.50506E-1,
4.35218E-1,-3.78506E-1,
4.37719E-1,-3.62506E-1,
4.4022E-1,-3.78506E-1,
4.42721E-1,-3.62506E-1,
4.45223E-1,-3.82506E-1,
4.47724E-1,-3.58506E-1,
4.50225E-1,-3.78506E-1,
4.52726E-1,-3.62506E-1,
4.55228E-1,-3.70506E-1,
4.57729E-1,-3.54506E-1,
4.6023E-1,-3.70506E-1,
4.62731E-1,-3.54506E-1,
4.65233E-1,-3.74506E-1,
4.67734E-1,-3.54506E-1,
4.70235E-1,-3.70506E-1,
4.72736E-1,-3.54506E-1,
4.75238E-1,-3.70506E-1,
4.77739E-1,-3.54506E-1,
4.8024E-1,-3.70506E-1,
4.82741E-1,-3.54506E-1,
4.85243E-1,-3.74506E-1,
4.87744E-1,-3.54506E-1,
4.90245E-1,-3.66506E-1,
4.92746E-1,-3.54506E-1,
4.95248E-1,-3.74506E-1,
4.97749E-1,-3.54506E-1,
5.0025E-1,-3.74506E-1,
5.02751E-1,-3.54506E-1,
5.05253E-1,-3.70506E-1,
5.07754E-1,-3.50506E-1,
5.10255E-1,-3.66506E-1,
5.12756E-1,-3.46506E-1,
5.15258E-1,-3.70506E-1,
5.17759E-1,-3.54506E-1,
5.2026E-1,-3.66506E-1,
5.22761E-1,-3.50506E-1,
5.25263E-1,-3.62506E-1,
5.27764E-1,-3.50506E-1,
5.30265E-1,-3.62506E-1,
5.32766E-1,-3.46506E-1,
5.35268E-1,-3.62506E-1,
5.37769E-1,-3.50506E-1,
5.4027E-1,-3.58506E-1,
5.42771E-1,-3.50506E-1,
5.45273E-1,-3.58506E-1,
5.47774E-1,-3.38506E-1,
5.50275E-1,-3.62506E-1,
5.52776E-1,-3.42506E-1,
5.55278E-1,-3.58506E-1,
5.57779E-1,-3.42506E-1,
5.6028E-1,-3.58506E-1,
5.62781E-1,-3.38506E-1,
5.65283E-1,-3.62506E-1,
5.67784E-1,-3.42506E-1,
5.70285E-1,-3.58506E-1,
5.72786E-1,-3.42506E-1,
5.75288E-1,-3.54506E-1,
5.77789E-1,-3.38506E-1,
5.8029E-1,-3.54506E-1,
5.82791E-1,-3.38506E-1,
5.85293E-1,-3.54506E-1,
5.87794E-1,-3.38506E-1,
5.90295E-1,-3.54506E-1,
5.92796E-1,-3.38506E-1,
5.95298E-1,-3.54506E-1,
5.97799E-1,-3.34506E-1,
6.003E-1,-3.50506E-1,
6.02801E-1,-3.34506E-1,
6.05303E-1,-3.54506E-1,
6.07804E-1,-3.34506E-1,
6.10305E-1,-3.50506E-1,
6.12806E-1,-3.30506E-1,
6.15308E-1,-3.50506E-1,
6.17809E-1,-3.30506E-1,
6.2031E-1,-3.46506E-1,
6.22811E-1,-3.30506E-1,
6.25313E-1,-3.50506E-1,
6.27814E-1,-3.30506E-1,
6.30315E-1,-3.46506E-1,
6.32816E-1,-3.14506E-1,
6.35318E-1,-3.46506E-1,
6.37819E-1,-3.22506E-1,
6.4032E-1,-3.46506E-1,
6.42821E-1,-3.34506E-1,
6.45323E-1,-3.46506E-1,
6.47824E-1,-3.30506E-1,
6.50325E-1,-3.46506E-1,
6.52826E-1,-3.26506E-1,
6.55328E-1,-3.42506E-1,
6.57829E-1,-3.30506E-1,
6.6033E-1,-3.42506E-1,
6.62831E-1,-3.30506E-1,
6.65333E-1,-3.38506E-1,
6.67834E-1,-3.26506E-1,
6.70335E-1,-3.42506E-1,
6.72836E-1,-3.26506E-1,
6.75338E-1,-3.42506E-1,
6.77839E-1,-3.26506E-1,
6.8034E-1,-3.38506E-1,
6.82841E-1,-3.26506E-1,
6.85343E-1,-3.38506E-1,
6.87844E-1,-3.22506E-1,
6.90345E-1,-3.38506E-1,
6.92846E-1,-3.22506E-1,
6.95348E-1,-3.38506E-1,
6.97849E-1,-3.18506E-1,
7.0035E-1,-3.34506E-1,
7.02851E-1,-3.18506E-1,
7.05353E-1,-3.30506E-1,
7.07854E-1,-3.18506E-1,
7.10355E-1,-3.30506E-1,
7.12856E-1,-3.14506E-1,
7.15358E-1,-3.30506E-1,
7.17859E-1,-3.14506E-1,
7.2036E-1,-3.42506E-1,
7.22861E-1,-3.18506E-1,
7.25363E-1,-3.38506E-1,
7.27864E-1,-3.18506E-1,
7.30365E-1,-3.34506E-1,
7.32866E-1,-3.18506E-1,
7.35368E-1,-3.30506E-1,
7.37869E-1,-2.98506E-1,
7.4037E-1,-3.34506E-1,
7.42871E-1,-3.02506E-1,
7.45373E-1,-3.26506E-1,
7.47874E-1,-3.02506E-1,
7.50375E-1,-3.26506E-1,
7.52876E-1,-3.14506E-1,
7.55378E-1,-3.34506E-1,
7.57879E-1,-3.14506E-1,
7.6038E-1,-3.26506E-1,
7.62881E-1,-3.10506E-1,
7.65383E-1,-3.26506E-1,
7.67884E-1,-3.10506E-1,
7.70385E-1,-3.26506E-1,
7.72886E-1,-3.10506E-1,
7.75388E-1,-3.26506E-1,
7.77889E-1,-3.10506E-1,
7.8039E-1,-3.22506E-1,
7.82891E-1,-3.06506E-1,
7.85393E-1,-3.22506E-1,
7.87894E-1,-2.98506E-1,
7.90395E-1,-3.18506E-1,
7.92896E-1,-3.10506E-1,
7.95398E-1,-3.22506E-1,
7.97899E-1,-3.10506E-1,
8.004E-1,-3.22506E-1,
8.02901E-1,-3.06506E-1,
8.05403E-1,-3.22506E-1,
8.07904E-1,-3.06506E-1,
8.10405E-1,-3.22506E-1,
8.12906E-1,-3.10506E-1,
8.15408E-1,-3.22506E-1,
8.17909E-1,-3.06506E-1,
8.2041E-1,-3.18506E-1,
8.22911E-1,-3.02506E-1,
8.25413E-1,-3.22506E-1,
8.27914E-1,-3.06506E-1,
8.30415E-1,-3.18506E-1,
8.32916E-1,-3.02506E-1,
8.35418E-1,-3.18506E-1,
8.37919E-1,-3.02506E-1,
8.4042E-1,-3.18506E-1,
8.42921E-1,-3.02506E-1,
8.45423E-1,-3.18506E-1,
8.47924E-1,-2.98506E-1,
8.50425E-1,-3.18506E-1,
8.52926E-1,-3.02506E-1,
8.55428E-1,-3.18506E-1,
8.57929E-1,-2.98506E-1,
8.6043E-1,-3.14506E-1,
8.62931E-1,-3.02506E-1,
8.65433E-1,-3.18506E-1,
8.67934E-1,-2.98506E-1,
8.70435E-1,-3.14506E-1,
8.72936E-1,-2.94506E-1,
8.75438E-1,-3.14506E-1,
8.77939E-1,-2.98506E-1,
8.8044E-1,-3.14506E-1,
8.82941E-1,-2.94506E-1,
8.85443E-1,-3.10506E-1,
8.87944E-1,-2.94506E-1,
8.90445E-1,-3.14506E-1,
8.92946E-1,-3.02506E-1,
8.95448E-1,-3.10506E-1,
8.97949E-1,-2.98506E-1,
9.0045E-1,-3.10506E-1,
9.02951E-1,-2.94506E-1,
9.05453E-1,-3.10506E-1,
9.07954E-1,-2.98506E-1,
9.10455E-1,-3.10506E-1,
9.12956E-1,-2.90506E-1,
9.15458E-1,-3.10506E-1,
9.17959E-1,-2.90506E-1,
9.2046E-1,-3.06506E-1,
9.22961E-1,-2.90506E-1,
9.25463E-1,-3.06506E-1,
9.27964E-1,-2.90506E-1,
9.30465E-1,-3.10506E-1,
9.32966E-1,-2.90506E-1,
9.35468E-1,-3.02506E-1,
9.37969E-1,-2.86506E-1,
9.4047E-1,-3.02506E-1,
9.42971E-1,-2.90506E-1,
9.45473E-1,-3.14506E-1,
9.47974E-1,-2.90506E-1,
9.50475E-1,-3.14506E-1,
9.52976E-1,-2.90506E-1,
9.55478E-1,-3.06506E-1,
9.57979E-1,-2.82506E-1,
9.6048E-1,-3.06506E-1,
9.62981E-1,-2.82506E-1,
9.65483E-1,-3.06506E-1,
9.67984E-1,-2.86506E-1,
9.70485E-1,-3.02506E-1,
9.72986E-1,-2.86506E-1,
9.75488E-1,-3.06506E-1,
9.77989E-1,-2.86506E-1,
9.8049E-1,-3.06506E-1,
9.82991E-1,-2.90506E-1,
9.85493E-1,-3.02506E-1,
9.87994E-1,-2.82506E-1,
9.90495E-1,-3.06506E-1,
9.92996E-1,-2.86506E-1,
9.95498E-1,-3.02506E-1,
9.97999E-1,-2.86506E-1,
1.0005E+0,-3.02506E-1,
1.003E+0,-2.86506E-1,
1.0055E+0,-2.98506E-1,
1.008E+0,-2.82506E-1,
1.01051E+0,-2.98506E-1,
1.01301E+0,-2.86506E-1,
1.01551E+0,-2.98506E-1,
1.01801E+0,-2.86506E-1,
1.02051E+0,-2.98506E-1,
1.02301E+0,-2.86506E-1,
1.02551E+0,-2.94506E-1,
1.02801E+0,-2.82506E-1,
1.03052E+0,-2.94506E-1,
1.03302E+0,-2.82506E-1,
1.03552E+0,-2.98506E-1,
1.03802E+0,-2.82506E-1,
1.04052E+0,-2.94506E-1,
1.04302E+0,-2.78506E-1,
1.04552E+0,-2.94506E-1,
1.04802E+0,-2.82506E-1,
1.05053E+0,-2.98506E-1,
1.05303E+0,-2.82506E-1,
1.05553E+0,-2.94506E-1,
1.05803E+0,-2.78506E-1,
1.06053E+0,-2.94506E-1,
1.06303E+0,-2.78506E-1,
1.06553E+0,-2.94506E-1,
1.06803E+0,-2.78506E-1,
1.07054E+0,-2.90506E-1,
1.07304E+0,-2.78506E-1,
1.07554E+0,-2.94506E-1,
1.07804E+0,-2.82506E-1,
1.08054E+0,-2.90506E-1,
1.08304E+0,-2.78506E-1,
1.08554E+0,-2.98506E-1,
1.08804E+0,-2.78506E-1,
1.09055E+0,-2.94506E-1,
1.09305E+0,-2.78506E-1,
1.09555E+0,-2.98506E-1,
1.09805E+0,-2.78506E-1,
1.10055E+0,-2.94506E-1,
1.10305E+0,-2.70506E-1,
1.10555E+0,-2.90506E-1,
1.10805E+0,-2.78506E-1,
1.11056E+0,-2.94506E-1,
1.11306E+0,-2.74506E-1,
1.11556E+0,-2.90506E-1,
1.11806E+0,-2.78506E-1,
1.12056E+0,-2.86506E-1,
1.12306E+0,-2.74506E-1,
1.12556E+0,-2.90506E-1,
1.12806E+0,-2.74506E-1,
1.13057E+0,-2.90506E-1,
1.13307E+0,-2.74506E-1,
1.13557E+0,-2.86506E-1,
1.13807E+0,-2.78506E-1,
1.14057E+0,-2.86506E-1,
1.14307E+0,-2.74506E-1,
1.14557E+0,-2.82506E-1,
1.14807E+0,-2.74506E-1,
1.15058E+0,-2.86506E-1,
1.15308E+0,-2.74506E-1,
1.15558E+0,-2.82506E-1,
1.15808E+0,-2.70506E-1,
1.16058E+0,-2.86506E-1,
1.16308E+0,-2.54506E-1,
1.16558E+0,-2.90506E-1,
1.16808E+0,-2.70506E-1,
1.17059E+0,-2.86506E-1,
1.17309E+0,-2.66506E-1,
1.17559E+0,-2.86506E-1,
1.17809E+0,-2.66506E-1,
1.18059E+0,-2.86506E-1,
1.18309E+0,-2.70506E-1,
1.18559E+0,-2.82506E-1,
1.18809E+0,-2.70506E-1,
1.1906E+0,-2.86506E-1,
1.1931E+0,-2.70506E-1,
1.1956E+0,-2.86506E-1,
1.1981E+0,-2.70506E-1,
1.2006E+0,-2.82506E-1,
1.2031E+0,-2.70506E-1,
1.2056E+0,-2.82506E-1,
1.2081E+0,-2.70506E-1,
1.21061E+0,-2.78506E-1,
1.21311E+0,-2.58506E-1,
1.21561E+0,-2.78506E-1,
1.21811E+0,-2.70506E-1,
1.22061E+0,-2.82506E-1,
1.22311E+0,-2.66506E-1,
1.22561E+0,-2.78506E-1,
1.22811E+0,-2.66506E-1,
1.23062E+0,-2.78506E-1,
1.23312E+0,-2.66506E-1,
1.23562E+0,-2.78506E-1,
1.23812E+0,-2.66506E-1,
1.24062E+0,-2.78506E-1,
1.24312E+0,-2.66506E-1,
1.24562E+0,-2.78506E-1,
1.24812E+0,-2.62506E-1,
1.25063E+0,-2.78506E-1,
1.25313E+0,-2.66506E-1,
1.25563E+0,-2.78506E-1,
1.25813E+0,-2.62506E-1,
1.26063E+0,-2.78506E-1,
1.26313E+0,-2.66506E-1,
1.26563E+0,-2.78506E-1,
1.26813E+0,-2.66506E-1,
1.27064E+0,-2.78506E-1,
1.27314E+0,-2.66506E-1,
1.27564E+0,-2.78506E-1,
1.27814E+0,-2.62506E-1,
1.28064E+0,-2.78506E-1,
1.28314E+0,-2.62506E-1,
1.28564E+0,-2.78506E-1,
1.28814E+0,-2.66506E-1,
1.29065E+0,-2.82506E-1,
1.29315E+0,-2.66506E-1,
1.29565E+0,-2.78506E-1,
1.29815E+0,-2.58506E-1,
1.30065E+0,-2.78506E-1,
1.30315E+0,-2.66506E-1,
1.30565E+0,-2.82506E-1,
1.30815E+0,-2.58506E-1,
1.31066E+0,-2.78506E-1,
1.31316E+0,-2.62506E-1,
1.31566E+0,-2.78506E-1,
1.31816E+0,-2.58506E-1,
1.32066E+0,-2.78506E-1,
1.32316E+0,-2.62506E-1,
1.32566E+0,-2.78506E-1,
1.32816E+0,-2.58506E-1,
1.33067E+0,-2.78506E-1,
1.33317E+0,-2.54506E-1,
1.33567E+0,-2.78506E-1,
1.33817E+0,-2.62506E-1,
1.34067E+0,-2.74506E-1,
1.34317E+0,-2.62506E-1,
1.34567E+0,-2.74506E-1,
1.34817E+0,-2.62506E-1,
1.35068E+0,-2.78506E-1,
1.35318E+0,-2.62506E-1,
1.35568E+0,-2.78506E-1,
1.35818E+0,-2.58506E-1,
1.36068E+0,-2.78506E-1,
1.36318E+0,-2.58506E-1,
1.36568E+0,-2.74506E-1,
1.36818E+0,-2.62506E-1,
1.37069E+0,-2.78506E-1,
1.37319E+0,-2.62506E-1,
1.37569E+0,-2.74506E-1,
1.37819E+0,-2.54506E-1,
1.38069E+0,-2.74506E-1,
1.38319E+0,-2.58506E-1,
1.38569E+0,-2.74506E-1,
1.38819E+0,-2.62506E-1,
1.3907E+0,-2.82506E-1,
1.3932E+0,-2.62506E-1,
1.3957E+0,-2.78506E-1,
1.3982E+0,-2.54506E-1,
1.4007E+0,-2.74506E-1,
1.4032E+0,-2.58506E-1,
1.4057E+0,-2.74506E-1,
1.4082E+0,-2.58506E-1,
1.41071E+0,-2.74506E-1,
1.41321E+0,-2.50506E-1,
1.41571E+0,-2.74506E-1,
1.41821E+0,-2.58506E-1,
1.42071E+0,-2.78506E-1,
1.42321E+0,-2.62506E-1,
1.42571E+0,-2.74506E-1,
1.42821E+0,-2.62506E-1,
1.43072E+0,-2.74506E-1,
1.43322E+0,-2.62506E-1,
1.43572E+0,-2.74506E-1,
1.43822E+0,-2.54506E-1,
1.44072E+0,-2.74506E-1,
1.44322E+0,-2.58506E-1,
1.44572E+0,-2.74506E-1,
1.44822E+0,-2.58506E-1,
1.45073E+0,-2.74506E-1,
1.45323E+0,-2.62506E-1,
1.45573E+0,-2.74506E-1,
1.45823E+0,-2.58506E-1,
1.46073E+0,-2.74506E-1,
1.46323E+0,-2.58506E-1,
1.46573E+0,-2.74506E-1,
1.46823E+0,-2.58506E-1,
1.47074E+0,-2.74506E-1,
1.47324E+0,-2.58506E-1,
1.47574E+0,-2.74506E-1,
1.47824E+0,-2.58506E-1,
1.48074E+0,-2.74506E-1,
1.48324E+0,-2.58506E-1,
1.48574E+0,-2.70506E-1,
1.48824E+0,-2.58506E-1,
1.49075E+0,-2.70506E-1,
1.49325E+0,-2.58506E-1,
1.49575E+0,-2.74506E-1,
1.49825E+0,-2.58506E-1,
1.50075E+0,-2.74506E-1,
1.50325E+0,-2.58506E-1,
1.50575E+0,-2.74506E-1,
1.50825E+0,-2.58506E-1,
1.51076E+0,-2.70506E-1,
1.51326E+0,-2.54506E-1,
1.51576E+0,-2.74506E-1,
1.51826E+0,-2.58506E-1,
1.52076E+0,-2.74506E-1,
1.52326E+0,-2.58506E-1,
1.52576E+0,-2.74506E-1,
1.52826E+0,-2.62506E-1,
1.53077E+0,-2.74506E-1,
1.53327E+0,-2.58506E-1,
1.53577E+0,-2.70506E-1,
1.53827E+0,-2.54506E-1,
1.54077E+0,-2.70506E-1,
1.54327E+0,-2.54506E-1,
1.54577E+0,-2.70506E-1,
1.54827E+0,-2.62506E-1,
1.55078E+0,-2.70506E-1,
1.55328E+0,-2.58506E-1,
1.55578E+0,-2.70506E-1,
1.55828E+0,-2.58506E-1,
1.56078E+0,-2.74506E-1,
1.56328E+0,-2.58506E-1,
1.56578E+0,-2.70506E-1,
1.56828E+0,-2.54506E-1,
1.57079E+0,-2.70506E-1,
1.57329E+0,-2.58506E-1,
1.57579E+0,-2.74506E-1,
1.57829E+0,-2.54506E-1,
1.58079E+0,-2.70506E-1,
1.58329E+0,-2.54506E-1,
1.58579E+0,-2.74506E-1,
1.58829E+0,-2.58506E-1,
1.5908E+0,-2.74506E-1,
1.5933E+0,-2.54506E-1,
1.5958E+0,-2.70506E-1,
1.5983E+0,-2.54506E-1,
1.6008E+0,-2.70506E-1,
1.6033E+0,-2.58506E-1,
1.6058E+0,-2.70506E-1,
1.6083E+0,-2.58506E-1,
1.61081E+0,-2.82506E-1,
1.61331E+0,-2.58506E-1,
1.61581E+0,-2.78506E-1,
1.61831E+0,-2.58506E-1,
1.62081E+0,-2.74506E-1,
1.62331E+0,-2.62506E-1,
1.62581E+0,-2.74506E-1,
1.62831E+0,-2.58506E-1,
1.63082E+0,-2.74506E-1,
1.63332E+0,-2.62506E-1,
1.63582E+0,-2.74506E-1,
1.63832E+0,-2.62506E-1,
1.64082E+0,-2.74506E-1,
1.64332E+0,-2.58506E-1,
1.64582E+0,-2.70506E-1,
1.64832E+0,-2.58506E-1,
1.65083E+0,-2.78506E-1,
1.65333E+0,-2.58506E-1,
1.65583E+0,-2.70506E-1,
1.65833E+0,-2.58506E-1,
1.66083E+0,-2.74506E-1,
1.66333E+0,-2.62506E-1,
1.66583E+0,-2.74506E-1,
1.66833E+0,-2.54506E-1,
1.67084E+0,-2.78506E-1,
1.67334E+0,-2.58506E-1,
1.67584E+0,-2.74506E-1,
1.67834E+0,-2.62506E-1,
1.68084E+0,-2.74506E-1,
1.68334E+0,-2.62506E-1,
1.68584E+0,-2.74506E-1,
1.68834E+0,-2.58506E-1,
1.69085E+0,-2.70506E-1,
1.69335E+0,-2.58506E-1,
1.69585E+0,-2.74506E-1,
1.69835E+0,-2.62506E-1,
1.70085E+0,-2.78506E-1,
1.70335E+0,-2.58506E-1,
1.70585E+0,-2.78506E-1,
1.70835E+0,-2.62506E-1,
1.71086E+0,-2.78506E-1,
1.71336E+0,-2.62506E-1,
1.71586E+0,-2.78506E-1,
1.71836E+0,-2.62506E-1,
1.72086E+0,-2.78506E-1,
1.72336E+0,-2.62506E-1,
1.72586E+0,-2.78506E-1,
1.72836E+0,-2.62506E-1,
1.73087E+0,-2.78506E-1,
1.73337E+0,-2.62506E-1,
1.73587E+0,-2.74506E-1,
1.73837E+0,-2.62506E-1,
1.74087E+0,-2.78506E-1,
1.74337E+0,-2.62506E-1,
1.74587E+0,-2.74506E-1,
1.74837E+0,-2.58506E-1,
1.75088E+0,-2.74506E-1,
1.75338E+0,-2.62506E-1,
1.75588E+0,-2.78506E-1,
1.75838E+0,-2.62506E-1,
1.76088E+0,-2.78506E-1,
1.76338E+0,-2.66506E-1,
1.76588E+0,-2.82506E-1,
1.76838E+0,-2.66506E-1,
1.77089E+0,-2.82506E-1,
1.77339E+0,-2.66506E-1,
1.77589E+0,-2.82506E-1,
1.77839E+0,-2.62506E-1,
1.78089E+0,-2.78506E-1,
1.78339E+0,-2.66506E-1,
1.78589E+0,-2.78506E-1,
1.78839E+0,-2.66506E-1,
1.7909E+0,-2.78506E-1,
1.7934E+0,-2.62506E-1,
1.7959E+0,-2.78506E-1,
1.7984E+0,-2.62506E-1,
1.8009E+0,-2.78506E-1,
1.8034E+0,-2.62506E-1,
1.8059E+0,-2.78506E-1,
1.8084E+0,-2.62506E-1,
1.81091E+0,-2.82506E-1,
1.81341E+0,-2.66506E-1,
1.81591E+0,-2.78506E-1,
1.81841E+0,-2.66506E-1,
1.82091E+0,-2.78506E-1,
1.82341E+0,-2.66506E-1,
1.82591E+0,-2.82506E-1,
1.82841E+0,-2.66506E-1,
1.83092E+0,-2.82506E-1,
1.83342E+0,-2.66506E-1,
1.83592E+0,-2.86506E-1,
1.83842E+0,-2.70506E-1,
1.84092E+0,-2.82506E-1,
1.84342E+0,-2.66506E-1,
1.84592E+0,-2.82506E-1,
1.84842E+0,-2.70506E-1,
1.85093E+0,-2.82506E-1,
1.85343E+0,-2.66506E-1,
1.85593E+0,-2.82506E-1,
1.85843E+0,-2.70506E-1,
1.86093E+0,-2.82506E-1,
1.86343E+0,-2.70506E-1,
1.86593E+0,-2.82506E-1,
1.86843E+0,-2.70506E-1,
1.87094E+0,-2.82506E-1,
1.87344E+0,-2.66506E-1,
1.87594E+0,-2.82506E-1,
1.87844E+0,-2.70506E-1,
1.88094E+0,-2.82506E-1,
1.88344E+0,-2.70506E-1,
1.88594E+0,-2.82506E-1,
1.88844E+0,-2.70506E-1,
1.89095E+0,-2.86506E-1,
1.89345E+0,-2.70506E-1,
1.89595E+0,-2.82506E-1,
1.89845E+0,-2.66506E-1,
1.90095E+0,-2.82506E-1,
1.90345E+0,-2.74506E-1,
1.90595E+0,-2.82506E-1,
1.90845E+0,-2.70506E-1,
1.91096E+0,-2.82506E-1,
1.91346E+0,-2.70506E-1,
1.91596E+0,-2.86506E-1,
1.91846E+0,-2.74506E-1,
1.92096E+0,-2.86506E-1,
1.92346E+0,-2.74506E-1,
1.92596E+0,-2.86506E-1,
1.92846E+0,-2.74506E-1,
1.93097E+0,-2.90506E-1,
1.93347E+0,-2.66506E-1,
1.93597E+0,-2.86506E-1,
1.93847E+0,-2.70506E-1,
1.94097E+0,-2.86506E-1,
1.94347E+0,-2.74506E-1,
1.94597E+0,-2.86506E-1,
1.94847E+0,-2.74506E-1,
1.95098E+0,-2.90506E-1,
1.95348E+0,-2.78506E-1,
1.95598E+0,-2.90506E-1,
1.95848E+0,-2.66506E-1,
1.96098E+0,-2.90506E-1,
1.96348E+0,-2.78506E-1,
1.96598E+0,-2.90506E-1,
1.96848E+0,-2.78506E-1,
1.97099E+0,-2.90506E-1,
1.97349E+0,-2.78506E-1,
1.97599E+0,-2.90506E-1,
1.97849E+0,-2.78506E-1,
1.98099E+0,-2.90506E-1,
1.98349E+0,-2.78506E-1,
1.98599E+0,-2.90506E-1,
1.98849E+0,-2.78506E-1,
1.991E+0,-2.90506E-1,
1.9935E+0,-2.78506E-1,
1.996E+0,-2.90506E-1,
1.9985E+0,-2.78506E-1,
2.001E+0,-2.90506E-1,
2.0035E+0,-2.78506E-1,
2.006E+0,-2.90506E-1,
2.0085E+0,-2.82506E-1,
2.01101E+0,-2.94506E-1,
2.01351E+0,-2.78506E-1,
2.01601E+0,-2.94506E-1,
2.01851E+0,-2.82506E-1,
2.02101E+0,-2.94506E-1,
2.02351E+0,-2.82506E-1,
2.02601E+0,-2.94506E-1,
2.02851E+0,-2.82506E-1,
2.03102E+0,-2.94506E-1,
2.03352E+0,-2.78506E-1,
2.03602E+0,-2.94506E-1,
2.03852E+0,-2.86506E-1,
2.04102E+0,-2.94506E-1,
2.04352E+0,-2.82506E-1,
2.04602E+0,-2.94506E-1,
2.04852E+0,-2.78506E-1,
2.05103E+0,-2.94506E-1,
2.05353E+0,-2.82506E-1,
2.05603E+0,-3.02506E-1,
2.05853E+0,-2.86506E-1,
2.06103E+0,-3.06506E-1,
2.06353E+0,-2.86506E-1,
2.06603E+0,-2.98506E-1,
2.06853E+0,-2.86506E-1,
2.07104E+0,-2.98506E-1,
2.07354E+0,-2.82506E-1,
2.07604E+0,-2.98506E-1,
2.07854E+0,-2.86506E-1,
2.08104E+0,-3.02506E-1,
2.08354E+0,-2.86506E-1,
2.08604E+0,-3.02506E-1,
2.08854E+0,-2.86506E-1,
2.09105E+0,-3.02506E-1,
2.09355E+0,-2.86506E-1,
2.09605E+0,-3.02506E-1,
2.09855E+0,-2.90506E-1,
2.10105E+0,-3.02506E-1,
2.10355E+0,-2.82506E-1,
2.10605E+0,-3.02506E-1,
2.10855E+0,-2.90506E-1,
2.11106E+0,-3.02506E-1,
2.11356E+0,-2.90506E-1,
2.11606E+0,-3.02506E-1,
2.11856E+0,-2.86506E-1,
2.12106E+0,-3.06506E-1,
2.12356E+0,-2.78506E-1,
2.12606E+0,-3.02506E-1,
2.12856E+0,-2.86506E-1,
2.13107E+0,-3.02506E-1,
2.13357E+0,-2.86506E-1,
2.13607E+0,-3.06506E-1,
2.13857E+0,-2.90506E-1,
2.14107E+0,-3.02506E-1,
2.14357E+0,-2.90506E-1,
2.14607E+0,-3.02506E-1,
2.14857E+0,-2.90506E-1,
2.15108E+0,-3.06506E-1,
2.15358E+0,-2.90506E-1,
2.15608E+0,-3.10506E-1,
2.15858E+0,-2.94506E-1,
2.16108E+0,-3.06506E-1,
2.16358E+0,-2.94506E-1,
2.16608E+0,-3.10506E-1,
2.16858E+0,-2.98506E-1,
2.17109E+0,-3.06506E-1,
2.17359E+0,-2.94506E-1,
2.17609E+0,-3.10506E-1,
2.17859E+0,-2.98506E-1,
2.18109E+0,-3.10506E-1,
2.18359E+0,-2.94506E-1,
2.18609E+0,-3.10506E-1,
2.18859E+0,-2.98506E-1,
2.1911E+0,-3.14506E-1,
2.1936E+0,-2.98506E-1,
2.1961E+0,-3.14506E-1,
2.1986E+0,-3.02506E-1,
2.2011E+0,-3.14506E-1,
2.2036E+0,-2.98506E-1,
2.2061E+0,-3.14506E-1,
2.2086E+0,-3.02506E-1,
2.21111E+0,-3.14506E-1,
2.21361E+0,-3.02506E-1,
2.21611E+0,-3.18506E-1,
2.21861E+0,-3.06506E-1,
2.22111E+0,-3.14506E-1,
2.22361E+0,-3.02506E-1,
2.22611E+0,-3.14506E-1,
2.22861E+0,-3.02506E-1,
2.23112E+0,-3.14506E-1,
2.23362E+0,-3.02506E-1,
2.23612E+0,-3.14506E-1,
2.23862E+0,-2.94506E-1,
2.24112E+0,-3.14506E-1,
2.24362E+0,-3.02506E-1,
2.24612E+0,-3.14506E-1,
2.24862E+0,-3.02506E-1,
2.25113E+0,-3.14506E-1,
2.25363E+0,-3.02506E-1,
2.25613E+0,-3.18506E-1,
2.25863E+0,-3.02506E-1,
2.26113E+0,-3.18506E-1,
2.26363E+0,-3.06506E-1,
2.26613E+0,-3.18506E-1,
2.26863E+0,-3.06506E-1,
2.27114E+0,-3.22506E-1,
2.27364E+0,-3.06506E-1,
2.27614E+0,-3.22506E-1,
2.27864E+0,-3.10506E-1,
2.28114E+0,-3.30506E-1,
2.28364E+0,-3.10506E-1,
2.28614E+0,-3.30506E-1,
2.28864E+0,-3.14506E-1,
2.29115E+0,-3.26506E-1,
2.29365E+0,-3.10506E-1,
2.29615E+0,-3.26506E-1,
2.29865E+0,-3.10506E-1,
2.30115E+0,-3.26506E-1,
2.30365E+0,-3.10506E-1,
2.30615E+0,-3.26506E-1,
2.30865E+0,-3.10506E-1,
2.31116E+0,-3.26506E-1,
2.31366E+0,-3.10506E-1,
2.31616E+0,-3.30506E-1,
2.31866E+0,-3.14506E-1,
2.32116E+0,-3.30506E-1,
2.32366E+0,-3.14506E-1,
2.32616E+0,-3.30506E-1,
2.32866E+0,-3.14506E-1,
2.33117E+0,-3.30506E-1,
2.33367E+0,-3.18506E-1,
2.33617E+0,-3.30506E-1,
2.33867E+0,-3.14506E-1,
2.34117E+0,-3.30506E-1,
2.34367E+0,-3.10506E-1,
2.34617E+0,-3.30506E-1,
2.34867E+0,-3.14506E-1,
2.35118E+0,-3.34506E-1,
2.35368E+0,-3.18506E-1,
2.35618E+0,-3.34506E-1,
2.35868E+0,-3.18506E-1,
2.36118E+0,-3.34506E-1,
2.36368E+0,-3.18506E-1,
2.36618E+0,-3.34506E-1,
2.36868E+0,-3.18506E-1,
2.37119E+0,-3.38506E-1,
2.37369E+0,-3.22506E-1,
2.37619E+0,-3.34506E-1,
2.37869E+0,-3.22506E-1,
2.38119E+0,-3.34506E-1,
2.38369E+0,-3.22506E-1,
2.38619E+0,-3.38506E-1,
2.38869E+0,-3.26506E-1,
2.3912E+0,-3.38506E-1,
2.3937E+0,-3.26506E-1,
2.3962E+0,-3.38506E-1,
2.3987E+0,-3.14506E-1,
2.4012E+0,-3.38506E-1,
2.4037E+0,-3.22506E-1,
2.4062E+0,-3.42506E-1,
2.4087E+0,-3.30506E-1,
2.41121E+0,-3.38506E-1,
2.41371E+0,-3.26506E-1,
2.41621E+0,-3.38506E-1,
2.41871E+0,-3.30506E-1,
2.42121E+0,-3.42506E-1,
2.42371E+0,-3.30506E-1,
2.42621E+0,-3.42506E-1,
2.42871E+0,-3.30506E-1,
2.43122E+0,-3.46506E-1,
2.43372E+0,-3.30506E-1,
2.43622E+0,-3.42506E-1,
2.43872E+0,-3.30506E-1,
2.44122E+0,-3.42506E-1,
2.44372E+0,-3.30506E-1,
2.44622E+0,-3.42506E-1,
2.44872E+0,-3.30506E-1,
2.45123E+0,-3.46506E-1,
2.45373E+0,-3.34506E-1,
2.45623E+0,-3.46506E-1,
2.45873E+0,-3.34506E-1,
2.46123E+0,-3.46506E-1,
2.46373E+0,-3.30506E-1,
2.46623E+0,-3.46506E-1,
2.46873E+0,-3.34506E-1,
2.47124E+0,-3.46506E-1,
2.47374E+0,-3.38506E-1,
2.47624E+0,-3.50506E-1,
2.47874E+0,-3.38506E-1,
2.48124E+0,-3.50506E-1,
2.48374E+0,-3.38506E-1,
2.48624E+0,-3.50506E-1,
2.48874E+0,-3.38506E-1,
2.49125E+0,-3.50506E-1,
2.49375E+0,-3.34506E-1,
2.49625E+0,-3.50506E-1,
2.49875E+0,-3.38506E-1,
2.50125E+0,-3.50506E-1,
2.50375E+0,-3.38506E-1,
2.50625E+0,-3.62506E-1,
2.50875E+0,-3.42506E-1,
2.51126E+0,-3.58506E-1,
2.51376E+0,-3.38506E-1,
2.51626E+0,-3.54506E-1,
2.51876E+0,-3.42506E-1,
2.52126E+0,-3.58506E-1,
2.52376E+0,-3.42506E-1,
2.52626E+0,-3.58506E-1,
2.52876E+0,-3.42506E-1,
2.53127E+0,-3.62506E-1,
2.53377E+0,-3.42506E-1,
2.53627E+0,-3.58506E-1,
2.53877E+0,-3.42506E-1,
2.54127E+0,-3.58506E-1,
2.54377E+0,-3.46506E-1,
2.54627E+0,-3.66506E-1,
2.54877E+0,-3.46506E-1,
2.55128E+0,-3.62506E-1,
2.55378E+0,-3.50506E-1,
2.55628E+0,-3.62506E-1,
2.55878E+0,-3.42506E-1,
2.56128E+0,-3.62506E-1,
2.56378E+0,-3.46506E-1,
2.56628E+0,-3.66506E-1,
2.56878E+0,-3.54506E-1,
2.57129E+0,-3.66506E-1,
2.57379E+0,-3.50506E-1,
2.57629E+0,-3.66506E-1,
2.57879E+0,-3.54506E-1,
2.58129E+0,-3.66506E-1,
2.58379E+0,-3.50506E-1,
2.58629E+0,-3.66506E-1,
2.58879E+0,-3.54506E-1,
2.5913E+0,-3.70506E-1,
2.5938E+0,-3.58506E-1,
2.5963E+0,-3.70506E-1,
2.5988E+0,-3.54506E-1,
2.6013E+0,-3.70506E-1,
2.6038E+0,-3.54506E-1,
2.6063E+0,-3.70506E-1,
2.6088E+0,-3.58506E-1,
2.61131E+0,-3.70506E-1,
2.61381E+0,-3.58506E-1,
2.61631E+0,-3.70506E-1,
2.61881E+0,-3.62506E-1,
2.62131E+0,-3.70506E-1,
2.62381E+0,-3.58506E-1,
2.62631E+0,-3.74506E-1,
2.62881E+0,-3.62506E-1,
2.63132E+0,-3.78506E-1,
2.63382E+0,-3.62506E-1,
2.63632E+0,-3.78506E-1,
2.63882E+0,-3.66506E-1,
2.64132E+0,-3.74506E-1,
2.64382E+0,-3.54506E-1,
2.64632E+0,-3.82506E-1,
2.64882E+0,-3.70506E-1,
2.65133E+0,-3.78506E-1,
2.65383E+0,-3.66506E-1,
2.65633E+0,-3.78506E-1,
2.65883E+0,-3.66506E-1,
2.66133E+0,-3.78506E-1,
2.66383E+0,-3.62506E-1,
2.66633E+0,-3.78506E-1,
2.66883E+0,-3.66506E-1,
2.67134E+0,-3.78506E-1,
2.67384E+0,-3.66506E-1,
2.67634E+0,-3.82506E-1,
2.67884E+0,-3.70506E-1,
2.68134E+0,-3.78506E-1,
2.68384E+0,-3.66506E-1,
2.68634E+0,-3.82506E-1,
2.68884E+0,-3.70506E-1,
2.69135E+0,-3.82506E-1,
2.69385E+0,-3.70506E-1,
2.69635E+0,-3.86506E-1,
2.69885E+0,-3.74506E-1,
2.70135E+0,-3.86506E-1,
2.70385E+0,-3.70506E-1,
2.70635E+0,-3.86506E-1,
2.70885E+0,-3.74506E-1,
2.71136E+0,-3.86506E-1,
2.71386E+0,-3.74506E-1,
2.71636E+0,-3.90506E-1,
2.71886E+0,-3.74506E-1,
2.72136E+0,-3.86506E-1,
2.72386E+0,-3.74506E-1,
2.72636E+0,-3.90506E-1,
2.72886E+0,-3.70506E-1,
2.73137E+0,-3.98506E-1,
2.73387E+0,-3.78506E-1,
2.73637E+0,-3.94506E-1,
2.73887E+0,-3.78506E-1,
2.74137E+0,-3.94506E-1,
2.74387E+0,-3.78506E-1,
2.74637E+0,-3.98506E-1,
2.74887E+0,-3.78506E-1,
2.75138E+0,-3.94506E-1,
2.75388E+0,-3.78506E-1,
2.75638E+0,-3.94506E-1,
2.75888E+0,-3.82506E-1,
2.76138E+0,-3.98506E-1,
2.76388E+0,-3.78506E-1,
2.76638E+0,-4.02506E-1,
2.76888E+0,-3.86506E-1,
2.77139E+0,-4.02506E-1,
2.77389E+0,-3.66506E-1,
2.77639E+0,-4.02506E-1,
2.77889E+0,-3.86506E-1,
2.78139E+0,-4.02506E-1,
2.78389E+0,-3.86506E-1,
2.78639E+0,-4.02506E-1,
2.78889E+0,-3.90506E-1,
2.7914E+0,-4.02506E-1,
2.7939E+0,-3.90506E-1,
2.7964E+0,-4.06506E-1,
2.7989E+0,-3.90506E-1,
2.8014E+0,-4.06506E-1,
2.8039E+0,-3.90506E-1,
2.8064E+0,-4.06506E-1,
2.8089E+0,-3.94506E-1,
2.81141E+0,-4.02506E-1,
2.81391E+0,-3.86506E-1,
2.81641E+0,-4.06506E-1,
2.81891E+0,-3.90506E-1,
2.82141E+0,-4.06506E-1,
2.82391E+0,-3.90506E-1,
2.82641E+0,-4.06506E-1,
2.82891E+0,-3.86506E-1,
2.83142E+0,-4.06506E-1,
2.83392E+0,-3.94506E-1,
2.83642E+0,-4.10506E-1,
2.83892E+0,-3.94506E-1,
2.84142E+0,-4.06506E-1,
2.84392E+0,-3.94506E-1,
2.84642E+0,-4.14506E-1,
2.84892E+0,-3.98506E-1,
2.85143E+0,-4.10506E-1,
2.85393E+0,-3.90506E-1,
2.85643E+0,-4.14506E-1,
2.85893E+0,-4.02506E-1,
2.86143E+0,-4.14506E-1,
2.86393E+0,-3.86506E-1,
2.86643E+0,-4.14506E-1,
2.86893E+0,-4.02506E-1,
2.87144E+0,-4.14506E-1,
2.87394E+0,-4.02506E-1,
2.87644E+0,-4.18506E-1,
2.87894E+0,-4.06506E-1,
2.88144E+0,-4.14506E-1,
2.88394E+0,-4.02506E-1,
2.88644E+0,-4.22506E-1,
2.88894E+0,-4.06506E-1,
2.89145E+0,-4.22506E-1,
2.89395E+0,-4.06506E-1,
2.89645E+0,-4.22506E-1,
2.89895E+0,-4.06506E-1,
2.90145E+0,-4.22506E-1,
2.90395E+0,-4.06506E-1,
2.90645E+0,-4.26506E-1,
2.90895E+0,-4.10506E-1,
2.91146E+0,-4.26506E-1,
2.91396E+0,-4.10506E-1,
2.91646E+0,-4.26506E-1,
2.91896E+0,-4.14506E-1,
2.92146E+0,-4.26506E-1,
2.92396E+0,-4.10506E-1,
2.92646E+0,-4.26506E-1,
2.92896E+0,-4.14506E-1,
2.93147E+0,-4.26506E-1,
2.93397E+0,-4.10506E-1,
2.93647E+0,-4.30506E-1,
2.93897E+0,-4.10506E-1,
2.94147E+0,-4.30506E-1,
2.94397E+0,-4.14506E-1,
2.94647E+0,-4.42506E-1,
2.94897E+0,-4.18506E-1,
2.95148E+0,-4.42506E-1,
2.95398E+0,-4.18506E-1,
2.95648E+0,-4.38506E-1,
2.95898E+0,-4.18506E-1,
2.96148E+0,-4.38506E-1,
2.96398E+0,-4.14506E-1,
2.96648E+0,-4.38506E-1,
2.96898E+0,-4.18506E-1,
2.97149E+0,-4.38506E-1,
2.97399E+0,-4.22506E-1,
2.97649E+0,-4.42506E-1,
2.97899E+0,-4.22506E-1,
2.98149E+0,-4.38506E-1,
2.98399E+0,-4.22506E-1,
2.98649E+0,-4.46506E-1,
2.98899E+0,-4.22506E-1,
2.9915E+0,-4.42506E-1,
2.994E+0,-4.22506E-1,
2.9965E+0,-4.42506E-1,
2.999E+0,-4.26506E-1,
3.0015E+0,-4.42506E-1,
3.004E+0,-4.14506E-1,
3.0065E+0,-4.46506E-1,
3.009E+0,-4.26506E-1,
3.01151E+0,-4.42506E-1,
3.01401E+0,-4.26506E-1,
3.01651E+0,-4.42506E-1,
3.01901E+0,-4.26506E-1,
3.02151E+0,-4.42506E-1,
3.02401E+0,-4.26506E-1,
3.02651E+0,-4.46506E-1,
3.02901E+0,-4.34506E-1,
3.03152E+0,-4.46506E-1,
3.03402E+0,-4.30506E-1,
3.03652E+0,-4.54506E-1,
3.03902E+0,-4.38506E-1,
3.04152E+0,-4.50506E-1,
3.04402E+0,-4.34506E-1,
3.04652E+0,-4.46506E-1,
3.04902E+0,-4.38506E-1,
3.05153E+0,-4.46506E-1,
3.05403E+0,-4.34506E-1,
3.05653E+0,-4.54506E-1,
3.05903E+0,-4.38506E-1,
3.06153E+0,-4.54506E-1,
3.06403E+0,-4.38506E-1,
3.06653E+0,-4.54506E-1,
3.06903E+0,-4.42506E-1,
3.07154E+0,-4.54506E-1,
3.07404E+0,-4.34506E-1,
3.07654E+0,-4.58506E-1,
3.07904E+0,-4.46506E-1,
3.08154E+0,-4.54506E-1,
3.08404E+0,-4.38506E-1,
3.08654E+0,-4.54506E-1,
3.08904E+0,-4.42506E-1,
3.09155E+0,-4.54506E-1,
3.09405E+0,-4.42506E-1,
3.09655E+0,-4.58506E-1,
3.09905E+0,-4.46506E-1,
3.10155E+0,-4.58506E-1,
3.10405E+0,-4.42506E-1,
3.10655E+0,-4.58506E-1,
3.10905E+0,-4.46506E-1,
3.11156E+0,-4.58506E-1,
3.11406E+0,-4.46506E-1,
3.11656E+0,-4.62506E-1,
3.11906E+0,-4.46506E-1,
3.12156E+0,-4.62506E-1,
3.12406E+0,-4.50506E-1,
3.12656E+0,-4.66506E-1,
3.12906E+0,-4.54506E-1,
3.13157E+0,-4.66506E-1,
3.13407E+0,-4.50506E-1,
3.13657E+0,-4.70506E-1,
3.13907E+0,-4.50506E-1,
3.14157E+0,-4.66506E-1,
3.14407E+0,-4.50506E-1,
3.14657E+0,-4.70506E-1,
3.14907E+0,-4.54506E-1,
3.15158E+0,-4.70506E-1,
3.15408E+0,-4.50506E-1,
3.15658E+0,-4.74506E-1,
3.15908E+0,-4.58506E-1,
3.16158E+0,-4.70506E-1,
3.16408E+0,-4.58506E-1,
3.16658E+0,-4.74506E-1,
3.16908E+0,-4.62506E-1,
3.17159E+0,-4.74506E-1,
3.17409E+0,-4.58506E-1,
3.17659E+0,-4.86506E-1,
3.17909E+0,-4.58506E-1,
3.18159E+0,-4.86506E-1,
3.18409E+0,-4.62506E-1,
3.18659E+0,-4.78506E-1,
3.18909E+0,-4.58506E-1,
3.1916E+0,-4.78506E-1,
3.1941E+0,-4.58506E-1,
3.1966E+0,-4.78506E-1,
3.1991E+0,-4.66506E-1,
3.2016E+0,-4.78506E-1,
3.2041E+0,-4.58506E-1,
3.2066E+0,-4.82506E-1,
3.2091E+0,-4.58506E-1,
3.21161E+0,-4.78506E-1,
3.21411E+0,-4.62506E-1,
3.21661E+0,-4.82506E-1,
3.21911E+0,-4.66506E-1,
3.22161E+0,-4.82506E-1,
3.22411E+0,-4.66506E-1,
3.22661E+0,-4.86506E-1,
3.22911E+0,-4.70506E-1,
3.23162E+0,-4.86506E-1,
3.23412E+0,-4.66506E-1,
3.23662E+0,-4.90506E-1,
3.23912E+0,-4.70506E-1,
3.24162E+0,-4.90506E-1,
3.24412E+0,-4.70506E-1,
3.24662E+0,-4.90506E-1,
3.24912E+0,-4.74506E-1,
3.25163E+0,-4.90506E-1,
3.25413E+0,-4.74506E-1,
3.25663E+0,-4.94506E-1,
3.25913E+0,-4.74506E-1,
3.26163E+0,-4.94506E-1,
3.26413E+0,-4.74506E-1,
3.26663E+0,-4.98506E-1,
3.26913E+0,-4.70506E-1,
3.27164E+0,-4.94506E-1,
3.27414E+0,-4.78506E-1,
3.27664E+0,-5.02506E-1,
3.27914E+0,-4.82506E-1,
3.28164E+0,-4.98506E-1,
3.28414E+0,-4.82506E-1,
3.28664E+0,-4.98506E-1,
3.28914E+0,-4.82506E-1,
3.29165E+0,-4.98506E-1,
3.29415E+0,-4.78506E-1,
3.29665E+0,-5.02506E-1,
3.29915E+0,-4.82506E-1,
3.30165E+0,-4.98506E-1,
3.30415E+0,-4.82506E-1,
3.30665E+0,-5.02506E-1,
3.30915E+0,-4.86506E-1,
3.31166E+0,-4.98506E-1,
3.31416E+0,-4.82506E-1,
3.31666E+0,-5.02506E-1,
3.31916E+0,-4.86506E-1,
3.32166E+0,-5.02506E-1,
3.32416E+0,-4.70506E-1,
3.32666E+0,-5.02506E-1,
3.32916E+0,-4.86506E-1,
3.33167E+0,-5.02506E-1,
3.33417E+0,-4.86506E-1,
3.33667E+0,-5.10506E-1,
3.33917E+0,-4.90506E-1,
3.34167E+0,-5.10506E-1,
3.34417E+0,-4.94506E-1,
3.34667E+0,-5.14506E-1,
3.34917E+0,-4.94506E-1,
3.35168E+0,-5.10506E-1,
3.35418E+0,-4.94506E-1,
3.35668E+0,-5.14506E-1,
3.35918E+0,-4.94506E-1,
3.36168E+0,-5.06506E-1,
3.36418E+0,-4.90506E-1,
3.36668E+0,-5.14506E-1,
3.36918E+0,-4.98506E-1,
3.37169E+0,-5.14506E-1,
3.37419E+0,-4.98506E-1,
3.37669E+0,-5.18506E-1,
3.37919E+0,-4.98506E-1,
3.38169E+0,-5.14506E-1,
3.38419E+0,-4.94506E-1,
3.38669E+0,-5.18506E-1,
3.38919E+0,-5.06506E-1,
3.3917E+0,-5.14506E-1,
3.3942E+0,-4.90506E-1,
3.3967E+0,-5.30506E-1,
3.3992E+0,-5.06506E-1,
3.4017E+0,-5.22506E-1,
3.4042E+0,-5.02506E-1,
3.4067E+0,-5.22506E-1,
3.4092E+0,-5.10506E-1,
3.41171E+0,-5.22506E-1,
3.41421E+0,-5.10506E-1,
3.41671E+0,-5.30506E-1,
3.41921E+0,-5.02506E-1,
3.42171E+0,-5.26506E-1,
3.42421E+0,-5.10506E-1,
3.42671E+0,-5.30506E-1,
3.42921E+0,-5.10506E-1,
3.43172E+0,-5.26506E-1,
3.43422E+0,-5.10506E-1,
3.43672E+0,-5.26506E-1,
3.43922E+0,-5.10506E-1,
3.44172E+0,-5.26506E-1,
3.44422E+0,-5.10506E-1,
3.44672E+0,-5.26506E-1,
3.44922E+0,-5.14506E-1,
3.45173E+0,-5.30506E-1,
3.45423E+0,-5.14506E-1,
3.45673E+0,-5.34506E-1,
3.45923E+0,-5.14506E-1,
3.46173E+0,-5.30506E-1,
3.46423E+0,-5.14506E-1,
3.46673E+0,-5.34506E-1,
3.46923E+0,-5.18506E-1,
3.47174E+0,-5.34506E-1,
3.47424E+0,-5.18506E-1,
3.47674E+0,-5.34506E-1,
3.47924E+0,-5.22506E-1,
3.48174E+0,-5.34506E-1,
3.48424E+0,-5.18506E-1,
3.48674E+0,-5.34506E-1,
3.48924E+0,-5.14506E-1,
3.49175E+0,-5.34506E-1,
3.49425E+0,-5.18506E-1,
3.49675E+0,-5.38506E-1,
3.49925E+0,-5.18506E-1,
3.50175E+0,-5.38506E-1,
3.50425E+0,-5.22506E-1,
3.50675E+0,-5.38506E-1,
3.50925E+0,-5.22506E-1,
3.51176E+0,-5.34506E-1,
3.51426E+0,-5.22506E-1,
3.51676E+0,-5.42506E-1,
3.51926E+0,-5.26506E-1,
3.52176E+0,-5.38506E-1,
3.52426E+0,-5.26506E-1,
3.52676E+0,-5.46506E-1,
3.52926E+0,-5.30506E-1,
3.53177E+0,-5.42506E-1,
3.53427E+0,-5.30506E-1,
3.53677E+0,-5.46506E-1,
3.53927E+0,-5.30506E-1,
3.54177E+0,-5.42506E-1,
3.54427E+0,-5.30506E-1,
3.54677E+0,-5.50506E-1,
3.54927E+0,-5.34506E-1,
3.55178E+0,-5.46506E-1,
3.55428E+0,-5.34506E-1,
3.55678E+0,-5.50506E-1,
3.55928E+0,-5.34506E-1,
3.56178E+0,-5.50506E-1,
3.56428E+0,-5.34506E-1,
3.56678E+0,-5.54506E-1,
3.56928E+0,-5.38506E-1,
3.57179E+0,-5.50506E-1,
3.57429E+0,-5.38506E-1,
3.57679E+0,-5.54506E-1,
3.57929E+0,-5.38506E-1,
3.58179E+0,-5.50506E-1,
3.58429E+0,-5.38506E-1,
3.58679E+0,-5.54506E-1,
3.58929E+0,-5.42506E-1,
3.5918E+0,-5.54506E-1,
3.5943E+0,-5.30506E-1,
3.5968E+0,-5.58506E-1,
3.5993E+0,-5.42506E-1,
3.6018E+0,-5.58506E-1,
3.6043E+0,-5.42506E-1,
3.6068E+0,-5.62506E-1,
3.6093E+0,-5.42506E-1,
3.61181E+0,-5.58506E-1,
3.61431E+0,-5.42506E-1,
3.61681E+0,-5.62506E-1,
3.61931E+0,-5.46506E-1,
3.62181E+0,-5.70506E-1,
3.62431E+0,-5.46506E-1,
3.62681E+0,-5.66506E-1,
3.62931E+0,-5.46506E-1,
3.63182E+0,-5.62506E-1,
3.63432E+0,-5.46506E-1,
3.63682E+0,-5.66506E-1,
3.63932E+0,-5.50506E-1,
3.64182E+0,-5.66506E-1,
3.64432E+0,-5.38506E-1,
3.64682E+0,-5.66506E-1,
3.64932E+0,-5.42506E-1,
3.65183E+0,-5.62506E-1,
3.65433E+0,-5.50506E-1,
3.65683E+0,-5.66506E-1,
3.65933E+0,-5.54506E-1,
3.66183E+0,-5.66506E-1,
3.66433E+0,-5.54506E-1,
3.66683E+0,-5.74506E-1,
3.66933E+0,-5.54506E-1,
3.67184E+0,-5.70506E-1,
3.67434E+0,-5.54506E-1,
3.67684E+0,-5.74506E-1,
3.67934E+0,-5.54506E-1,
3.68184E+0,-5.74506E-1,
3.68434E+0,-5.62506E-1,
3.68684E+0,-5.74506E-1,
3.68934E+0,-5.58506E-1,
3.69185E+0,-5.74506E-1,
3.69435E+0,-5.58506E-1,
3.69685E+0,-5.74506E-1,
3.69935E+0,-5.62506E-1,
3.70185E+0,-5.74506E-1,
3.70435E+0,-5.62506E-1,
3.70685E+0,-5.78506E-1,
3.70935E+0,-5.66506E-1,
3.71186E+0,-5.74506E-1,
3.71436E+0,-5.58506E-1,
3.71686E+0,-5.82506E-1,
3.71936E+0,-5.62506E-1,
3.72186E+0,-5.78506E-1,
3.72436E+0,-5.62506E-1,
3.72686E+0,-5.86506E-1,
3.72936E+0,-5.66506E-1,
3.73187E+0,-5.82506E-1,
3.73437E+0,-5.66506E-1,
3.73687E+0,-5.86506E-1,
3.73937E+0,-5.66506E-1,
3.74187E+0,-5.82506E-1,
3.74437E+0,-5.70506E-1,
3.74687E+0,-5.86506E-1,
3.74937E+0,-5.70506E-1,
3.75188E+0,-5.82506E-1,
3.75438E+0,-5.58506E-1,
3.75688E+0,-5.86506E-1,
3.75938E+0,-5.70506E-1,
3.76188E+0,-5.86506E-1,
3.76438E+0,-5.66506E-1,
3.76688E+0,-5.86506E-1,
3.76938E+0,-5.70506E-1,
3.77189E+0,-5.82506E-1,
3.77439E+0,-5.74506E-1,
3.77689E+0,-5.90506E-1,
3.77939E+0,-5.74506E-1,
3.78189E+0,-5.90506E-1,
3.78439E+0,-5.74506E-1,
3.78689E+0,-5.90506E-1,
3.78939E+0,-5.74506E-1,
3.7919E+0,-5.90506E-1,
3.7944E+0,-5.70506E-1,
3.7969E+0,-5.90506E-1,
3.7994E+0,-5.78506E-1,
3.8019E+0,-5.90506E-1,
3.8044E+0,-5.78506E-1,
3.8069E+0,-5.94506E-1,
3.8094E+0,-5.78506E-1,
3.81191E+0,-5.94506E-1,
3.81441E+0,-5.82506E-1,
3.81691E+0,-5.98506E-1,
3.81941E+0,-5.82506E-1,
3.82191E+0,-5.94506E-1,
3.82441E+0,-5.82506E-1,
3.82691E+0,-5.98506E-1,
3.82941E+0,-5.82506E-1,
3.83192E+0,-5.98506E-1,
3.83442E+0,-5.82506E-1,
3.83692E+0,-5.98506E-1,
3.83942E+0,-5.82506E-1,
3.84192E+0,-5.98506E-1,
3.84442E+0,-5.86506E-1,
3.84692E+0,-6.14506E-1,
3.84942E+0,-5.86506E-1,
3.85193E+0,-6.10506E-1,
3.85443E+0,-5.86506E-1,
3.85693E+0,-6.02506E-1,
3.85943E+0,-5.90506E-1,
3.86193E+0,-6.02506E-1,
3.86443E+0,-5.90506E-1,
3.86693E+0,-6.06506E-1,
3.86943E+0,-5.86506E-1,
3.87194E+0,-6.02506E-1,
3.87444E+0,-5.86506E-1,
3.87694E+0,-6.02506E-1,
3.87944E+0,-5.90506E-1,
3.88194E+0,-6.02506E-1,
3.88444E+0,-5.90506E-1,
3.88694E+0,-6.10506E-1,
3.88944E+0,-5.90506E-1,
3.89195E+0,-6.06506E-1,
3.89445E+0,-5.94506E-1,
3.89695E+0,-6.10506E-1,
3.89945E+0,-5.94506E-1,
3.90195E+0,-6.10506E-1,
3.90445E+0,-5.98506E-1,
3.90695E+0,-6.14506E-1,
3.90945E+0,-5.94506E-1,
3.91196E+0,-6.14506E-1,
3.91446E+0,-5.94506E-1,
3.91696E+0,-6.10506E-1,
3.91946E+0,-5.98506E-1,
3.92196E+0,-6.10506E-1,
3.92446E+0,-5.98506E-1,
3.92696E+0,-6.14506E-1,
3.92946E+0,-5.98506E-1,
3.93197E+0,-6.14506E-1,
3.93447E+0,-6.02506E-1,
3.93697E+0,-6.18506E-1,
3.93947E+0,-6.02506E-1,
3.94197E+0,-6.18506E-1,
3.94447E+0,-6.02506E-1,
3.94697E+0,-6.18506E-1,
3.94947E+0,-6.02506E-1,
3.95198E+0,-6.18506E-1,
3.95448E+0,-6.02506E-1,
3.95698E+0,-6.14506E-1,
3.95948E+0,-5.98506E-1,
3.96198E+0,-6.14506E-1,
3.96448E+0,-6.02506E-1,
3.96698E+0,-6.18506E-1,
3.96948E+0,-6.06506E-1,
3.97199E+0,-6.18506E-1,
3.97449E+0,-5.90506E-1,
3.97699E+0,-6.18506E-1,
3.97949E+0,-5.90506E-1,
3.98199E+0,-6.22506E-1,
3.98449E+0,-5.98506E-1,
3.98699E+0,-6.22506E-1,
3.98949E+0,-6.06506E-1,
3.992E+0,-6.22506E-1,
3.9945E+0,-6.06506E-1,
3.997E+0,-6.26506E-1,
3.9995E+0,-6.06506E-1,
4.002E+0,-6.26506E-1,
4.0045E+0,-6.14506E-1,
4.007E+0,-6.26506E-1,
4.0095E+0,-6.10506E-1,
4.01201E+0,-6.26506E-1,
4.01451E+0,-6.14506E-1,
4.01701E+0,-6.30506E-1,
4.01951E+0,-6.10506E-1,
4.02201E+0,-6.26506E-1,
4.02451E+0,-6.14506E-1,
4.02701E+0,-6.30506E-1,
4.02951E+0,-6.14506E-1,
4.03202E+0,-6.30506E-1,
4.03452E+0,-6.14506E-1,
4.03702E+0,-6.30506E-1,
4.03952E+0,-6.10506E-1,
4.04202E+0,-6.30506E-1,
4.04452E+0,-6.18506E-1,
4.04702E+0,-6.34506E-1,
4.04952E+0,-6.18506E-1,
4.05203E+0,-6.34506E-1,
4.05453E+0,-6.18506E-1,
4.05703E+0,-6.34506E-1,
4.05953E+0,-6.18506E-1,
4.06203E+0,-6.38506E-1,
4.06453E+0,-6.18506E-1,
4.06703E+0,-6.38506E-1,
4.06953E+0,-6.22506E-1,
4.07204E+0,-6.34506E-1,
4.07454E+0,-6.14506E-1,
4.07704E+0,-6.34506E-1,
4.07954E+0,-6.10506E-1,
4.08204E+0,-6.34506E-1,
4.08454E+0,-6.14506E-1,
4.08704E+0,-6.38506E-1,
4.08954E+0,-6.18506E-1,
4.09205E+0,-6.34506E-1,
4.09455E+0,-6.26506E-1,
4.09705E+0,-6.42506E-1,
4.09955E+0,-6.22506E-1,
4.10205E+0,-6.42506E-1,
4.10455E+0,-6.26506E-1,
4.10705E+0,-6.42506E-1,
4.10955E+0,-6.26506E-1,
4.11206E+0,-6.42506E-1,
4.11456E+0,-6.30506E-1,
4.11706E+0,-6.46506E-1,
4.11956E+0,-6.26506E-1,
4.12206E+0,-6.46506E-1,
4.12456E+0,-6.30506E-1,
4.12706E+0,-6.46506E-1,
4.12956E+0,-6.26506E-1,
4.13207E+0,-6.42506E-1,
4.13457E+0,-6.30506E-1,
4.13707E+0,-6.46506E-1,
4.13957E+0,-6.26506E-1,
4.14207E+0,-6.42506E-1,
4.14457E+0,-6.30506E-1,
4.14707E+0,-6.42506E-1,
4.14957E+0,-6.18506E-1,
4.15208E+0,-6.46506E-1,
4.15458E+0,-6.30506E-1,
4.15708E+0,-6.50506E-1,
4.15958E+0,-6.30506E-1,
4.16208E+0,-6.46506E-1,
4.16458E+0,-6.34506E-1,
4.16708E+0,-6.54506E-1,
4.16958E+0,-6.30506E-1,
4.17209E+0,-6.54506E-1,
4.17459E+0,-6.34506E-1,
4.17709E+0,-6.54506E-1,
4.17959E+0,-6.34506E-1,
4.18209E+0,-6.58506E-1,
4.18459E+0,-6.38506E-1,
4.18709E+0,-6.54506E-1,
4.18959E+0,-6.26506E-1,
4.1921E+0,-6.54506E-1,
4.1946E+0,-6.30506E-1,
4.1971E+0,-6.54506E-1,
4.1996E+0,-6.34506E-1,
4.2021E+0,-6.54506E-1,
4.2046E+0,-6.38506E-1,
4.2071E+0,-6.58506E-1,
4.2096E+0,-6.38506E-1,
4.21211E+0,-6.58506E-1,
4.21461E+0,-6.38506E-1,
4.21711E+0,-6.58506E-1,
4.21961E+0,-6.38506E-1,
4.22211E+0,-6.58506E-1,
4.22461E+0,-6.42506E-1,
4.22711E+0,-6.58506E-1,
4.22961E+0,-6.42506E-1,
4.23212E+0,-6.58506E-1,
4.23462E+0,-6.42506E-1,
4.23712E+0,-6.62506E-1,
4.23962E+0,-6.42506E-1,
4.24212E+0,-6.62506E-1,
4.24462E+0,-6.30506E-1,
4.24712E+0,-6.62506E-1,
4.24962E+0,-6.46506E-1,
4.25213E+0,-6.62506E-1,
4.25463E+0,-6.46506E-1,
4.25713E+0,-6.66506E-1,
4.25963E+0,-6.46506E-1,
4.26213E+0,-6.62506E-1,
4.26463E+0,-6.46506E-1,
4.26713E+0,-6.66506E-1,
4.26963E+0,-6.42506E-1,
4.27214E+0,-6.62506E-1,
4.27464E+0,-6.50506E-1,
4.27714E+0,-6.66506E-1,
4.27964E+0,-6.50506E-1,
4.28214E+0,-6.62506E-1,
4.28464E+0,-6.50506E-1,
4.28714E+0,-6.74506E-1,
4.28964E+0,-6.50506E-1,
4.29215E+0,-6.74506E-1,
4.29465E+0,-6.46506E-1,
4.29715E+0,-6.70506E-1,
4.29965E+0,-6.42506E-1,
4.30215E+0,-6.70506E-1,
4.30465E+0,-6.50506E-1,
4.30715E+0,-6.70506E-1,
4.30965E+0,-6.58506E-1,
4.31216E+0,-6.70506E-1,
4.31466E+0,-6.54506E-1,
4.31716E+0,-6.70506E-1,
4.31966E+0,-6.58506E-1,
4.32216E+0,-6.74506E-1,
4.32466E+0,-6.54506E-1,
4.32716E+0,-6.74506E-1,
4.32966E+0,-6.58506E-1,
4.33217E+0,-6.70506E-1,
4.33467E+0,-6.58506E-1,
4.33717E+0,-6.70506E-1,
4.33967E+0,-6.50506E-1,
4.34217E+0,-6.74506E-1,
4.34467E+0,-6.58506E-1,
4.34717E+0,-6.74506E-1,
4.34967E+0,-6.62506E-1,
4.35218E+0,-6.78506E-1,
4.35468E+0,-6.62506E-1,
4.35718E+0,-6.78506E-1,
4.35968E+0,-6.62506E-1,
4.36218E+0,-6.74506E-1,
4.36468E+0,-6.50506E-1,
4.36718E+0,-6.78506E-1,
4.36968E+0,-6.66506E-1,
4.37219E+0,-6.82506E-1,
4.37469E+0,-6.62506E-1,
4.37719E+0,-6.82506E-1,
4.37969E+0,-6.66506E-1,
4.38219E+0,-6.78506E-1,
4.38469E+0,-6.66506E-1,
4.38719E+0,-6.82506E-1,
4.38969E+0,-6.66506E-1,
4.3922E+0,-6.78506E-1,
4.3947E+0,-6.66506E-1,
4.3972E+0,-6.78506E-1,
4.3997E+0,-6.54506E-1,
4.4022E+0,-6.82506E-1,
4.4047E+0,-6.66506E-1,
4.4072E+0,-6.82506E-1,
4.4097E+0,-6.58506E-1,
4.41221E+0,-6.82506E-1,
4.41471E+0,-6.66506E-1,
4.41721E+0,-6.86506E-1,
4.41971E+0,-6.70506E-1,
4.42221E+0,-6.86506E-1,
4.42471E+0,-6.62506E-1,
4.42721E+0,-6.86506E-1,
4.42971E+0,-6.66506E-1,
4.43222E+0,-6.78506E-1,
4.43472E+0,-6.66506E-1,
4.43722E+0,-6.86506E-1,
4.43972E+0,-6.70506E-1,
4.44222E+0,-6.90506E-1,
4.44472E+0,-6.66506E-1,
4.44722E+0,-6.86506E-1,
4.44972E+0,-6.70506E-1,
4.45223E+0,-6.86506E-1,
4.45473E+0,-6.70506E-1,
4.45723E+0,-6.90506E-1,
4.45973E+0,-6.62506E-1,
4.46223E+0,-6.90506E-1,
4.46473E+0,-6.74506E-1,
4.46723E+0,-6.90506E-1,
4.46973E+0,-6.78506E-1,
4.47224E+0,-6.90506E-1,
4.47474E+0,-6.62506E-1,
4.47724E+0,-6.90506E-1,
4.47974E+0,-6.58506E-1,
4.48224E+0,-6.90506E-1,
4.48474E+0,-6.74506E-1,
4.48724E+0,-6.90506E-1,
4.48974E+0,-6.74506E-1,
4.49225E+0,-6.90506E-1,
4.49475E+0,-6.70506E-1,
4.49725E+0,-6.90506E-1,
4.49975E+0,-6.74506E-1,
4.50225E+0,-6.86506E-1,
4.50475E+0,-6.74506E-1,
4.50725E+0,-6.98506E-1,
4.50975E+0,-6.74506E-1,
4.51226E+0,-6.94506E-1,
4.51476E+0,-6.78506E-1,
4.51726E+0,-6.94506E-1,
4.51976E+0,-6.78506E-1,
4.52226E+0,-6.98506E-1,
4.52476E+0,-6.78506E-1,
4.52726E+0,-6.94506E-1,
4.52976E+0,-6.78506E-1,
4.53227E+0,-6.94506E-1,
4.53477E+0,-6.78506E-1,
4.53727E+0,-7.02506E-1,
4.53977E+0,-6.82506E-1,
4.54227E+0,-6.98506E-1,
4.54477E+0,-6.78506E-1,
4.54727E+0,-7.02506E-1,
4.54977E+0,-6.82506E-1,
4.55228E+0,-6.94506E-1,
4.55478E+0,-6.82506E-1,
4.55728E+0,-6.98506E-1,
4.55978E+0,-6.82506E-1,
4.56228E+0,-6.98506E-1,
4.56478E+0,-6.74506E-1,
4.56728E+0,-6.98506E-1,
4.56978E+0,-6.82506E-1,
4.57229E+0,-6.94506E-1,
4.57479E+0,-6.82506E-1,
4.57729E+0,-6.94506E-1,
4.57979E+0,-6.82506E-1,
4.58229E+0,-6.94506E-1,
4.58479E+0,-6.82506E-1,
4.58729E+0,-7.02506E-1,
4.58979E+0,-6.86506E-1,
4.5923E+0,-7.02506E-1,
4.5948E+0,-6.82506E-1,
4.5973E+0,-7.02506E-1,
4.5998E+0,-6.86506E-1,
4.6023E+0,-6.98506E-1,
4.6048E+0,-6.86506E-1,
4.6073E+0,-7.02506E-1,
4.6098E+0,-6.86506E-1,
4.61231E+0,-7.02506E-1,
4.61481E+0,-6.82506E-1,
4.61731E+0,-7.06506E-1,
4.61981E+0,-6.86506E-1,
4.62231E+0,-7.02506E-1,
4.62481E+0,-6.90506E-1,
4.62731E+0,-7.02506E-1,
4.62981E+0,-6.90506E-1,
4.63232E+0,-7.02506E-1,
4.63482E+0,-6.86506E-1,
4.63732E+0,-7.06506E-1,
4.63982E+0,-6.94506E-1,
4.64232E+0,-7.02506E-1,
4.64482E+0,-6.86506E-1,
4.64732E+0,-7.06506E-1,
4.64982E+0,-6.86506E-1,
4.65233E+0,-7.06506E-1,
4.65483E+0,-6.90506E-1,
4.65733E+0,-7.06506E-1,
4.65983E+0,-6.90506E-1,
4.66233E+0,-7.10506E-1,
4.66483E+0,-6.74506E-1,
4.66733E+0,-7.10506E-1,
4.66983E+0,-6.86506E-1,
4.67234E+0,-7.06506E-1,
4.67484E+0,-6.90506E-1,
4.67734E+0,-7.10506E-1,
4.67984E+0,-6.98506E-1,
4.68234E+0,-7.10506E-1,
4.68484E+0,-6.90506E-1,
4.68734E+0,-7.10506E-1,
4.68984E+0,-6.78506E-1,
4.69235E+0,-7.06506E-1,
4.69485E+0,-6.90506E-1,
4.69735E+0,-7.06506E-1,
4.69985E+0,-6.94506E-1,
4.70235E+0,-7.10506E-1,
4.70485E+0,-6.94506E-1,
4.70735E+0,-7.10506E-1,
4.70985E+0,-6.86506E-1,
4.71236E+0,-7.10506E-1,
4.71486E+0,-6.86506E-1,
4.71736E+0,-7.10506E-1,
4.71986E+0,-6.94506E-1,
4.72236E+0,-7.10506E-1,
4.72486E+0,-6.94506E-1,
4.72736E+0,-7.10506E-1,
4.72986E+0,-6.90506E-1,
4.73237E+0,-7.14506E-1,
4.73487E+0,-6.90506E-1,
4.73737E+0,-7.10506E-1,
4.73987E+0,-6.94506E-1,
4.74237E+0,-7.10506E-1,
4.74487E+0,-6.98506E-1,
4.74737E+0,-7.10506E-1,
4.74987E+0,-6.94506E-1,
4.75238E+0,-7.10506E-1,
4.75488E+0,-6.94506E-1,
4.75738E+0,-7.14506E-1,
4.75988E+0,-6.94506E-1,
4.76238E+0,-7.10506E-1,
4.76488E+0,-6.98506E-1,
4.76738E+0,-7.10506E-1,
4.76988E+0,-6.94506E-1,
4.77239E+0,-7.14506E-1,
4.77489E+0,-6.98506E-1,
4.77739E+0,-7.10506E-1,
4.77989E+0,-7.02506E-1,
4.78239E+0,-7.14506E-1,
4.78489E+0,-6.98506E-1,
4.78739E+0,-7.14506E-1,
4.78989E+0,-6.90506E-1,
4.7924E+0,-7.14506E-1,
4.7949E+0,-6.94506E-1,
4.7974E+0,-7.14506E-1,
4.7999E+0,-6.98506E-1,
4.8024E+0,-7.14506E-1,
4.8049E+0,-6.94506E-1,
4.8074E+0,-7.14506E-1,
4.8099E+0,-7.02506E-1,
4.81241E+0,-7.14506E-1,
4.81491E+0,-6.86506E-1,
4.81741E+0,-7.14506E-1,
4.81991E+0,-7.06506E-1,
4.82241E+0,-7.18506E-1,
4.82491E+0,-6.98506E-1,
4.82741E+0,-7.18506E-1,
4.82991E+0,-7.02506E-1,
4.83242E+0,-7.14506E-1,
4.83492E+0,-6.98506E-1,
4.83742E+0,-7.18506E-1,
4.83992E+0,-7.06506E-1,
4.84242E+0,-7.14506E-1,
4.84492E+0,-6.98506E-1,
4.84742E+0,-7.18506E-1,
4.84992E+0,-6.98506E-1,
4.85243E+0,-7.14506E-1,
4.85493E+0,-7.02506E-1,
4.85743E+0,-7.18506E-1,
4.85993E+0,-7.02506E-1,
4.86243E+0,-7.18506E-1,
4.86493E+0,-7.02506E-1,
4.86743E+0,-7.22506E-1,
4.86993E+0,-6.98506E-1,
4.87244E+0,-7.14506E-1,
4.87494E+0,-6.98506E-1,
4.87744E+0,-7.18506E-1,
4.87994E+0,-7.02506E-1,
4.88244E+0,-7.22506E-1,
4.88494E+0,-6.98506E-1,
4.88744E+0,-7.22506E-1,
4.88994E+0,-7.02506E-1,
4.89245E+0,-7.18506E-1,
4.89495E+0,-7.06506E-1,
4.89745E+0,-7.22506E-1,
4.89995E+0,-7.06506E-1,
4.90245E+0,-7.22506E-1,
4.90495E+0,-7.02506E-1,
4.90745E+0,-7.26506E-1,
4.90995E+0,-7.06506E-1,
4.91246E+0,-7.22506E-1,
4.91496E+0,-7.02506E-1,
4.91746E+0,-7.22506E-1,
4.91996E+0,-7.06506E-1,
4.92246E+0,-7.22506E-1,
4.92496E+0,-7.02506E-1,
4.92746E+0,-7.22506E-1,
4.92996E+0,-6.98506E-1,
4.93247E+0,-7.22506E-1,
4.93497E+0,-6.98506E-1,
4.93747E+0,-7.22506E-1,
4.93997E+0,-7.02506E-1,
4.94247E+0,-7.22506E-1,
4.94497E+0,-7.10506E-1,
4.94747E+0,-7.22506E-1,
4.94997E+0,-7.02506E-1,
4.95248E+0,-7.26506E-1,
4.95498E+0,-7.02506E-1,
4.95748E+0,-7.30506E-1,
4.95998E+0,-7.10506E-1,
4.96248E+0,-7.30506E-1,
4.96498E+0,-7.10506E-1,
4.96748E+0,-7.26506E-1,
4.96998E+0,-7.06506E-1,
4.97249E+0,-7.26506E-1,
4.97499E+0,-7.02506E-1,
4.97749E+0,-7.26506E-1,
4.97999E+0,-7.06506E-1,
4.98249E+0,-7.22506E-1,
4.98499E+0,-6.94506E-1,
4.98749E+0,-7.26506E-1,
4.98999E+0,-7.14506E-1,
4.9925E+0,-7.22506E-1,
4.995E+0,-7.10506E-1,
4.9975E+0,-7.30506E-1,
5.E+0,-7.14506E-1,
